[     210ms] [ERROR] Failed to launch 'whatsapp://send/?phone=5513981580498&text=Ol%C3%A1%2C%20Royal%20Trip!%20Quero%20reservar%20uma%20Cabine%20Janela%20(2%C2%BA%20lote)%20no%20Kriativos%20On%20Board%202026.' because the scheme does not have a registered handler. @ https://api.whatsapp.com/send?phone=5513981580498&text=Ol%C3%A1%2C%20Royal%20Trip!%20Quero%20reservar%20uma%20Cabine%20Janela%20(2%C2%BA%20lote)%20no%20Kriativos%20On%20Board%202026.:0
[     325ms] [ERROR] Failed to load resource: the server responded with a status of 404 () @ https://api.whatsapp.com/data/manifest.json:0
[     353ms] [ERROR] Manifest fetch from https://api.whatsapp.com/data/manifest.json failed, code 404 @ https://api.whatsapp.com/send?phone=5513981580498&text=Ol%C3%A1%2C%20Royal%20Trip!%20Quero%20reservar%20uma%20Cabine%20Janela%20(2%C2%BA%20lote)%20no%20Kriativos%20On%20Board%202026.:0
[   33906ms] [WARNING] Failed to execute 'postMessage' on 'DOMWindow': The target origin provided ('https://www.youtube.com') does not match the recipient window's origin ('https://www.google.com'). @ https://www.youtube.com/s/player/0053e6c9/www-widgetapi.vflset/www-widgetapi.js:162
[   34157ms] [WARNING] Failed to execute 'postMessage' on 'DOMWindow': The target origin provided ('https://www.youtube.com') does not match the recipient window's origin ('https://www.google.com'). @ https://www.youtube.com/s/player/0053e6c9/www-widgetapi.vflset/www-widgetapi.js:162
[   34975ms] [ERROR] Error with Permissions-Policy header: Parse of permissions policy failed because of errors reported by structured header parser. @ :0
[   35146ms] [LOG] smetrics.msccruzeiros.com.br @ https://assets.adobedtm.com/e89550510280/83e8aacd5ad3/launch-8a896a2706b5.min.js:1
[   35229ms] TypeError: n.includes is not a function
    at navigator.serviceWorker.__proto__.register (https://www.msccruzeiros.com.br/ofertas/3-e-4-hospedes-viajam-gratis?utm_source=google&utm_medium=cpc&utm_campaign=77_br_bra_search_google_conv_52_brand_terms_broad&utm_content=77_br_bra_search_google_conv_52_brand_terms_phrase_ship_armonia&utm_term=msc%20armonia&gad_source=1&gad_campaignid=20707414525&gbraid=0AAAAAD5vwAIsm9pGEBoSevjwgAfmxrIJh&gclid=EAIaIQobChMIn-XdsvDAlQMVyE5IAB0v7QWaEAAYASAAEgKbcvD_BwE:17:1936)
    at https://static.fanplayr.com/client/sw-load.js:26:33
    at https://static.fanplayr.com/client/sw-load.js:39:2
[   35246ms] [INFO] [FPID 8.2] Platform detected: sitecore @ :20
[   35246ms] [LOG] fpid fix code fired @ :1
[   35719ms] [INFO] [FPID 8.2] Fallback: Valid sc_adb_id found: 1da58430-e8ef-4688-89cb-bedb6e9e7db0 @ :20
[   35719ms] [INFO] [FPID 8.2] Memorized sc-adb-id in __didomi_SCADBID: 1da58430-e8ef-4688-89cb-bedb6e9e7db0 @ :20
[   35719ms] [INFO] [FPID 8.2] Memorized sc-adb-id in __didomi_SCADBID: 1da58430-e8ef-4688-89cb-bedb6e9e7db0 @ :20
[   35719ms] [INFO] [FPID 8.2] Tier 2 HIT (localStorage): 1da58430-e8ef-4688-89cb-bedb6e9e7db0 @ :20
[   35719ms] [INFO] [FPID 8.2]Tier 1/2/3A — already resolved synchronously, dataLayer populated @ :20
[   35720ms] [INFO] [FPID 8.2] Pushed to dataLayer: 1da58430-e8ef-4688-89cb-bedb6e9e7db0 [granted] @ :20
[   35720ms] [INFO] [FPID 8.2] handleConsentChange complete — platform: sitecore | source: undefined | consent: true | method: didomi | cmp: false @ :20
[   35806ms] [INFO] [FPID] Pushed to dataLayer: 1da58430-e8ef-4688-89cb-bedb6e9e7db0 @ https://www.msccruzeiros.com.br/app/js/common.Dbj7-lne.js:1
[   36530ms] [LOG] [?utm_source=google&utm_medium=cpc&utm_campaign=77_…obChMIn-XdsvDAlQMVyE5IAB0v7QWaEAAYASAAEgKbcvD_BwE, utm_source=google&utm_medium=cpc&utm_campaign=77_b…obChMIn-XdsvDAlQMVyE5IAB0v7QWaEAAYASAAEgKbcvD_BwE] @ https://assets.adobedtm.com/e89550510280/83e8aacd5ad3/launch-8a896a2706b5.min.js:1
[   36530ms] [LOG] google|cpc|77_br_bra_search_google_conv_52_brand_terms_broad @ https://assets.adobedtm.com/e89550510280/83e8aacd5ad3/launch-8a896a2706b5.min.js:2
[   36533ms] [LOG] checkEventTriggered: has not triggered @ https://assets.adobedtm.com/e89550510280/83e8aacd5ad3/launch-8a896a2706b5.min.js:11
[   36595ms] [WARNING] 

⚠️ Your `allowedTags` option includes, `style`, which is inherently
vulnerable to XSS attacks. Please remove it from `allowedTags`.
Or, to disable this warning, add the `allowVulnerableTags` option
and ensure you are accounting for this risk.

 @ https://www.msccruzeiros.com.br/app/js/vendor.CNpzJls-.js:107
[   36596ms] [WARNING] 

⚠️ Your `allowedTags` option includes, `style`, which is inherently
vulnerable to XSS attacks. Please remove it from `allowedTags`.
Or, to disable this warning, add the `allowVulnerableTags` option
and ensure you are accounting for this risk.

 @ https://www.msccruzeiros.com.br/app/js/vendor.CNpzJls-.js:107
[   36596ms] [WARNING] 

⚠️ Your `allowedTags` option includes, `style`, which is inherently
vulnerable to XSS attacks. Please remove it from `allowedTags`.
Or, to disable this warning, add the `allowVulnerableTags` option
and ensure you are accounting for this risk.

 @ https://www.msccruzeiros.com.br/app/js/vendor.CNpzJls-.js:107
[   36596ms] [WARNING] 

⚠️ Your `allowedTags` option includes, `style`, which is inherently
vulnerable to XSS attacks. Please remove it from `allowedTags`.
Or, to disable this warning, add the `allowVulnerableTags` option
and ensure you are accounting for this risk.

 @ https://www.msccruzeiros.com.br/app/js/vendor.CNpzJls-.js:107
[   36596ms] [WARNING] 

⚠️ Your `allowedTags` option includes, `style`, which is inherently
vulnerable to XSS attacks. Please remove it from `allowedTags`.
Or, to disable this warning, add the `allowVulnerableTags` option
and ensure you are accounting for this risk.

 @ https://www.msccruzeiros.com.br/app/js/vendor.CNpzJls-.js:107
[   36596ms] [WARNING] 

⚠️ Your `allowedTags` option includes, `style`, which is inherently
vulnerable to XSS attacks. Please remove it from `allowedTags`.
Or, to disable this warning, add the `allowVulnerableTags` option
and ensure you are accounting for this risk.

 @ https://www.msccruzeiros.com.br/app/js/vendor.CNpzJls-.js:107
[   36601ms] [WARNING] 

⚠️ Your `allowedTags` option includes, `style`, which is inherently
vulnerable to XSS attacks. Please remove it from `allowedTags`.
Or, to disable this warning, add the `allowVulnerableTags` option
and ensure you are accounting for this risk.

 @ https://www.msccruzeiros.com.br/app/js/vendor.CNpzJls-.js:107
[   36611ms] [WARNING] 

⚠️ Your `allowedTags` option includes, `style`, which is inherently
vulnerable to XSS attacks. Please remove it from `allowedTags`.
Or, to disable this warning, add the `allowVulnerableTags` option
and ensure you are accounting for this risk.

 @ https://www.msccruzeiros.com.br/app/js/vendor.CNpzJls-.js:107
[   36611ms] [WARNING] 

⚠️ Your `allowedTags` option includes, `style`, which is inherently
vulnerable to XSS attacks. Please remove it from `allowedTags`.
Or, to disable this warning, add the `allowVulnerableTags` option
and ensure you are accounting for this risk.

 @ https://www.msccruzeiros.com.br/app/js/vendor.CNpzJls-.js:107
[   36611ms] [WARNING] 

⚠️ Your `allowedTags` option includes, `style`, which is inherently
vulnerable to XSS attacks. Please remove it from `allowedTags`.
Or, to disable this warning, add the `allowVulnerableTags` option
and ensure you are accounting for this risk.

 @ https://www.msccruzeiros.com.br/app/js/vendor.CNpzJls-.js:107
[   36611ms] [WARNING] 

⚠️ Your `allowedTags` option includes, `style`, which is inherently
vulnerable to XSS attacks. Please remove it from `allowedTags`.
Or, to disable this warning, add the `allowVulnerableTags` option
and ensure you are accounting for this risk.

 @ https://www.msccruzeiros.com.br/app/js/vendor.CNpzJls-.js:107
[   36612ms] [WARNING] 

⚠️ Your `allowedTags` option includes, `style`, which is inherently
vulnerable to XSS attacks. Please remove it from `allowedTags`.
Or, to disable this warning, add the `allowVulnerableTags` option
and ensure you are accounting for this risk.

 @ https://www.msccruzeiros.com.br/app/js/vendor.CNpzJls-.js:107
[   36612ms] [WARNING] 

⚠️ Your `allowedTags` option includes, `style`, which is inherently
vulnerable to XSS attacks. Please remove it from `allowedTags`.
Or, to disable this warning, add the `allowVulnerableTags` option
and ensure you are accounting for this risk.

 @ https://www.msccruzeiros.com.br/app/js/vendor.CNpzJls-.js:107
[   36614ms] [WARNING] 

⚠️ Your `allowedTags` option includes, `style`, which is inherently
vulnerable to XSS attacks. Please remove it from `allowedTags`.
Or, to disable this warning, add the `allowVulnerableTags` option
and ensure you are accounting for this risk.

 @ https://www.msccruzeiros.com.br/app/js/vendor.CNpzJls-.js:107
[   36615ms] [WARNING] 

⚠️ Your `allowedTags` option includes, `style`, which is inherently
vulnerable to XSS attacks. Please remove it from `allowedTags`.
Or, to disable this warning, add the `allowVulnerableTags` option
and ensure you are accounting for this risk.

 @ https://www.msccruzeiros.com.br/app/js/vendor.CNpzJls-.js:107
[   36615ms] [WARNING] 

⚠️ Your `allowedTags` option includes, `style`, which is inherently
vulnerable to XSS attacks. Please remove it from `allowedTags`.
Or, to disable this warning, add the `allowVulnerableTags` option
and ensure you are accounting for this risk.

 @ https://www.msccruzeiros.com.br/app/js/vendor.CNpzJls-.js:107
[   36616ms] [WARNING] 

⚠️ Your `allowedTags` option includes, `style`, which is inherently
vulnerable to XSS attacks. Please remove it from `allowedTags`.
Or, to disable this warning, add the `allowVulnerableTags` option
and ensure you are accounting for this risk.

 @ https://www.msccruzeiros.com.br/app/js/vendor.CNpzJls-.js:107
[   36616ms] [WARNING] 

⚠️ Your `allowedTags` option includes, `style`, which is inherently
vulnerable to XSS attacks. Please remove it from `allowedTags`.
Or, to disable this warning, add the `allowVulnerableTags` option
and ensure you are accounting for this risk.

 @ https://www.msccruzeiros.com.br/app/js/vendor.CNpzJls-.js:107
[   36616ms] [WARNING] 

⚠️ Your `allowedTags` option includes, `style`, which is inherently
vulnerable to XSS attacks. Please remove it from `allowedTags`.
Or, to disable this warning, add the `allowVulnerableTags` option
and ensure you are accounting for this risk.

 @ https://www.msccruzeiros.com.br/app/js/vendor.CNpzJls-.js:107
[   36616ms] [WARNING] 

⚠️ Your `allowedTags` option includes, `style`, which is inherently
vulnerable to XSS attacks. Please remove it from `allowedTags`.
Or, to disable this warning, add the `allowVulnerableTags` option
and ensure you are accounting for this risk.

 @ https://www.msccruzeiros.com.br/app/js/vendor.CNpzJls-.js:107
[   36618ms] [WARNING] 

⚠️ Your `allowedTags` option includes, `style`, which is inherently
vulnerable to XSS attacks. Please remove it from `allowedTags`.
Or, to disable this warning, add the `allowVulnerableTags` option
and ensure you are accounting for this risk.

 @ https://www.msccruzeiros.com.br/app/js/vendor.CNpzJls-.js:107
[   36619ms] [WARNING] 

⚠️ Your `allowedTags` option includes, `style`, which is inherently
vulnerable to XSS attacks. Please remove it from `allowedTags`.
Or, to disable this warning, add the `allowVulnerableTags` option
and ensure you are accounting for this risk.

 @ https://www.msccruzeiros.com.br/app/js/vendor.CNpzJls-.js:107
[   36619ms] [WARNING] 

⚠️ Your `allowedTags` option includes, `style`, which is inherently
vulnerable to XSS attacks. Please remove it from `allowedTags`.
Or, to disable this warning, add the `allowVulnerableTags` option
and ensure you are accounting for this risk.

 @ https://www.msccruzeiros.com.br/app/js/vendor.CNpzJls-.js:107
[   36620ms] [WARNING] 

⚠️ Your `allowedTags` option includes, `style`, which is inherently
vulnerable to XSS attacks. Please remove it from `allowedTags`.
Or, to disable this warning, add the `allowVulnerableTags` option
and ensure you are accounting for this risk.

 @ https://www.msccruzeiros.com.br/app/js/vendor.CNpzJls-.js:107
[   36620ms] [WARNING] 

⚠️ Your `allowedTags` option includes, `style`, which is inherently
vulnerable to XSS attacks. Please remove it from `allowedTags`.
Or, to disable this warning, add the `allowVulnerableTags` option
and ensure you are accounting for this risk.

 @ https://www.msccruzeiros.com.br/app/js/vendor.CNpzJls-.js:107
[   36620ms] [WARNING] 

⚠️ Your `allowedTags` option includes, `style`, which is inherently
vulnerable to XSS attacks. Please remove it from `allowedTags`.
Or, to disable this warning, add the `allowVulnerableTags` option
and ensure you are accounting for this risk.

 @ https://www.msccruzeiros.com.br/app/js/vendor.CNpzJls-.js:107
[   36620ms] [WARNING] 

⚠️ Your `allowedTags` option includes, `style`, which is inherently
vulnerable to XSS attacks. Please remove it from `allowedTags`.
Or, to disable this warning, add the `allowVulnerableTags` option
and ensure you are accounting for this risk.

 @ https://www.msccruzeiros.com.br/app/js/vendor.CNpzJls-.js:107
[   36621ms] [WARNING] 

⚠️ Your `allowedTags` option includes, `style`, which is inherently
vulnerable to XSS attacks. Please remove it from `allowedTags`.
Or, to disable this warning, add the `allowVulnerableTags` option
and ensure you are accounting for this risk.

 @ https://www.msccruzeiros.com.br/app/js/vendor.CNpzJls-.js:107
[   36622ms] [WARNING] 

⚠️ Your `allowedTags` option includes, `style`, which is inherently
vulnerable to XSS attacks. Please remove it from `allowedTags`.
Or, to disable this warning, add the `allowVulnerableTags` option
and ensure you are accounting for this risk.

 @ https://www.msccruzeiros.com.br/app/js/vendor.CNpzJls-.js:107
[   36623ms] [WARNING] 

⚠️ Your `allowedTags` option includes, `style`, which is inherently
vulnerable to XSS attacks. Please remove it from `allowedTags`.
Or, to disable this warning, add the `allowVulnerableTags` option
and ensure you are accounting for this risk.

 @ https://www.msccruzeiros.com.br/app/js/vendor.CNpzJls-.js:107
[   36623ms] [WARNING] 

⚠️ Your `allowedTags` option includes, `style`, which is inherently
vulnerable to XSS attacks. Please remove it from `allowedTags`.
Or, to disable this warning, add the `allowVulnerableTags` option
and ensure you are accounting for this risk.

 @ https://www.msccruzeiros.com.br/app/js/vendor.CNpzJls-.js:107
[   36623ms] [WARNING] 

⚠️ Your `allowedTags` option includes, `style`, which is inherently
vulnerable to XSS attacks. Please remove it from `allowedTags`.
Or, to disable this warning, add the `allowVulnerableTags` option
and ensure you are accounting for this risk.

 @ https://www.msccruzeiros.com.br/app/js/vendor.CNpzJls-.js:107
[   36623ms] [WARNING] 

⚠️ Your `allowedTags` option includes, `style`, which is inherently
vulnerable to XSS attacks. Please remove it from `allowedTags`.
Or, to disable this warning, add the `allowVulnerableTags` option
and ensure you are accounting for this risk.

 @ https://www.msccruzeiros.com.br/app/js/vendor.CNpzJls-.js:107
[   36623ms] [WARNING] 

⚠️ Your `allowedTags` option includes, `style`, which is inherently
vulnerable to XSS attacks. Please remove it from `allowedTags`.
Or, to disable this warning, add the `allowVulnerableTags` option
and ensure you are accounting for this risk.

 @ https://www.msccruzeiros.com.br/app/js/vendor.CNpzJls-.js:107
[   36625ms] [WARNING] 

⚠️ Your `allowedTags` option includes, `style`, which is inherently
vulnerable to XSS attacks. Please remove it from `allowedTags`.
Or, to disable this warning, add the `allowVulnerableTags` option
and ensure you are accounting for this risk.

 @ https://www.msccruzeiros.com.br/app/js/vendor.CNpzJls-.js:107
[   36626ms] [WARNING] 

⚠️ Your `allowedTags` option includes, `style`, which is inherently
vulnerable to XSS attacks. Please remove it from `allowedTags`.
Or, to disable this warning, add the `allowVulnerableTags` option
and ensure you are accounting for this risk.

 @ https://www.msccruzeiros.com.br/app/js/vendor.CNpzJls-.js:107
[   36626ms] [WARNING] 

⚠️ Your `allowedTags` option includes, `style`, which is inherently
vulnerable to XSS attacks. Please remove it from `allowedTags`.
Or, to disable this warning, add the `allowVulnerableTags` option
and ensure you are accounting for this risk.

 @ https://www.msccruzeiros.com.br/app/js/vendor.CNpzJls-.js:107
[   36626ms] [WARNING] 

⚠️ Your `allowedTags` option includes, `style`, which is inherently
vulnerable to XSS attacks. Please remove it from `allowedTags`.
Or, to disable this warning, add the `allowVulnerableTags` option
and ensure you are accounting for this risk.

 @ https://www.msccruzeiros.com.br/app/js/vendor.CNpzJls-.js:107
[   36626ms] [WARNING] 

⚠️ Your `allowedTags` option includes, `style`, which is inherently
vulnerable to XSS attacks. Please remove it from `allowedTags`.
Or, to disable this warning, add the `allowVulnerableTags` option
and ensure you are accounting for this risk.

 @ https://www.msccruzeiros.com.br/app/js/vendor.CNpzJls-.js:107
[   36626ms] [WARNING] 

⚠️ Your `allowedTags` option includes, `style`, which is inherently
vulnerable to XSS attacks. Please remove it from `allowedTags`.
Or, to disable this warning, add the `allowVulnerableTags` option
and ensure you are accounting for this risk.

 @ https://www.msccruzeiros.com.br/app/js/vendor.CNpzJls-.js:107
[   36626ms] [WARNING] 

⚠️ Your `allowedTags` option includes, `style`, which is inherently
vulnerable to XSS attacks. Please remove it from `allowedTags`.
Or, to disable this warning, add the `allowVulnerableTags` option
and ensure you are accounting for this risk.

 @ https://www.msccruzeiros.com.br/app/js/vendor.CNpzJls-.js:107
[   36628ms] [WARNING] 

⚠️ Your `allowedTags` option includes, `style`, which is inherently
vulnerable to XSS attacks. Please remove it from `allowedTags`.
Or, to disable this warning, add the `allowVulnerableTags` option
and ensure you are accounting for this risk.

 @ https://www.msccruzeiros.com.br/app/js/vendor.CNpzJls-.js:107
[   36629ms] [WARNING] 

⚠️ Your `allowedTags` option includes, `style`, which is inherently
vulnerable to XSS attacks. Please remove it from `allowedTags`.
Or, to disable this warning, add the `allowVulnerableTags` option
and ensure you are accounting for this risk.

 @ https://www.msccruzeiros.com.br/app/js/vendor.CNpzJls-.js:107
[   36629ms] [WARNING] 

⚠️ Your `allowedTags` option includes, `style`, which is inherently
vulnerable to XSS attacks. Please remove it from `allowedTags`.
Or, to disable this warning, add the `allowVulnerableTags` option
and ensure you are accounting for this risk.

 @ https://www.msccruzeiros.com.br/app/js/vendor.CNpzJls-.js:107
[   36629ms] [WARNING] 

⚠️ Your `allowedTags` option includes, `style`, which is inherently
vulnerable to XSS attacks. Please remove it from `allowedTags`.
Or, to disable this warning, add the `allowVulnerableTags` option
and ensure you are accounting for this risk.

 @ https://www.msccruzeiros.com.br/app/js/vendor.CNpzJls-.js:107
[   36629ms] [WARNING] 

⚠️ Your `allowedTags` option includes, `style`, which is inherently
vulnerable to XSS attacks. Please remove it from `allowedTags`.
Or, to disable this warning, add the `allowVulnerableTags` option
and ensure you are accounting for this risk.

 @ https://www.msccruzeiros.com.br/app/js/vendor.CNpzJls-.js:107
[   36629ms] [WARNING] 

⚠️ Your `allowedTags` option includes, `style`, which is inherently
vulnerable to XSS attacks. Please remove it from `allowedTags`.
Or, to disable this warning, add the `allowVulnerableTags` option
and ensure you are accounting for this risk.

 @ https://www.msccruzeiros.com.br/app/js/vendor.CNpzJls-.js:107
[   36629ms] [WARNING] 

⚠️ Your `allowedTags` option includes, `style`, which is inherently
vulnerable to XSS attacks. Please remove it from `allowedTags`.
Or, to disable this warning, add the `allowVulnerableTags` option
and ensure you are accounting for this risk.

 @ https://www.msccruzeiros.com.br/app/js/vendor.CNpzJls-.js:107
[   36629ms] [WARNING] 

⚠️ Your `allowedTags` option includes, `style`, which is inherently
vulnerable to XSS attacks. Please remove it from `allowedTags`.
Or, to disable this warning, add the `allowVulnerableTags` option
and ensure you are accounting for this risk.

 @ https://www.msccruzeiros.com.br/app/js/vendor.CNpzJls-.js:107
[   36630ms] [WARNING] 

⚠️ Your `allowedTags` option includes, `style`, which is inherently
vulnerable to XSS attacks. Please remove it from `allowedTags`.
Or, to disable this warning, add the `allowVulnerableTags` option
and ensure you are accounting for this risk.

 @ https://www.msccruzeiros.com.br/app/js/vendor.CNpzJls-.js:107
[   36632ms] [WARNING] 

⚠️ Your `allowedTags` option includes, `style`, which is inherently
vulnerable to XSS attacks. Please remove it from `allowedTags`.
Or, to disable this warning, add the `allowVulnerableTags` option
and ensure you are accounting for this risk.

 @ https://www.msccruzeiros.com.br/app/js/vendor.CNpzJls-.js:107
[   36632ms] [WARNING] 

⚠️ Your `allowedTags` option includes, `style`, which is inherently
vulnerable to XSS attacks. Please remove it from `allowedTags`.
Or, to disable this warning, add the `allowVulnerableTags` option
and ensure you are accounting for this risk.

 @ https://www.msccruzeiros.com.br/app/js/vendor.CNpzJls-.js:107
[   36632ms] [WARNING] 

⚠️ Your `allowedTags` option includes, `style`, which is inherently
vulnerable to XSS attacks. Please remove it from `allowedTags`.
Or, to disable this warning, add the `allowVulnerableTags` option
and ensure you are accounting for this risk.

 @ https://www.msccruzeiros.com.br/app/js/vendor.CNpzJls-.js:107
[   36632ms] [WARNING] 

⚠️ Your `allowedTags` option includes, `style`, which is inherently
vulnerable to XSS attacks. Please remove it from `allowedTags`.
Or, to disable this warning, add the `allowVulnerableTags` option
and ensure you are accounting for this risk.

 @ https://www.msccruzeiros.com.br/app/js/vendor.CNpzJls-.js:107
[   36632ms] [WARNING] 

⚠️ Your `allowedTags` option includes, `style`, which is inherently
vulnerable to XSS attacks. Please remove it from `allowedTags`.
Or, to disable this warning, add the `allowVulnerableTags` option
and ensure you are accounting for this risk.

 @ https://www.msccruzeiros.com.br/app/js/vendor.CNpzJls-.js:107
[   36632ms] [WARNING] 

⚠️ Your `allowedTags` option includes, `style`, which is inherently
vulnerable to XSS attacks. Please remove it from `allowedTags`.
Or, to disable this warning, add the `allowVulnerableTags` option
and ensure you are accounting for this risk.

 @ https://www.msccruzeiros.com.br/app/js/vendor.CNpzJls-.js:107
[   36634ms] [WARNING] 

⚠️ Your `allowedTags` option includes, `style`, which is inherently
vulnerable to XSS attacks. Please remove it from `allowedTags`.
Or, to disable this warning, add the `allowVulnerableTags` option
and ensure you are accounting for this risk.

 @ https://www.msccruzeiros.com.br/app/js/vendor.CNpzJls-.js:107
[   36941ms] [ERROR] Failed to load resource: the server responded with a status of 404 () @ https://track-emea-prod.msccruises.com/akam/13/75bf7dfc:0
[   37071ms] [ERROR] Permissions policy violation: accelerometer is not allowed in this document. @ https://track-emea-prod.msccruises.com/3DUP24U0k/Yc8N7oP/pQ/X9i5pDQh8tbprS/HUBaJAE/NwZ/HS14rew8C:0
[   37071ms] [WARNING] The deviceorientation events are blocked by permissions policy. See https://github.com/w3c/webappsec-permissions-policy/blob/master/features.md#sensor-features @ https://track-emea-prod.msccruises.com/3DUP24U0k/Yc8N7oP/pQ/X9i5pDQh8tbprS/HUBaJAE/NwZ/HS14rew8C:0
[   37071ms] [ERROR] Permissions policy violation: accelerometer is not allowed in this document. @ https://track-emea-prod.msccruises.com/3DUP24U0k/Yc8N7oP/pQ/X9i5pDQh8tbprS/HUBaJAE/NwZ/HS14rew8C:0
[   37071ms] [WARNING] The devicemotion events are blocked by permissions policy. See https://github.com/w3c/webappsec-permissions-policy/blob/master/features.md#sensor-features @ https://track-emea-prod.msccruises.com/3DUP24U0k/Yc8N7oP/pQ/X9i5pDQh8tbprS/HUBaJAE/NwZ/HS14rew8C:0
[   37207ms] [WARNING] 

⚠️ Your `allowedTags` option includes, `style`, which is inherently
vulnerable to XSS attacks. Please remove it from `allowedTags`.
Or, to disable this warning, add the `allowVulnerableTags` option
and ensure you are accounting for this risk.

 @ https://www.msccruzeiros.com.br/app/js/vendor.CNpzJls-.js:107
[   37207ms] [WARNING] 

⚠️ Your `allowedTags` option includes, `style`, which is inherently
vulnerable to XSS attacks. Please remove it from `allowedTags`.
Or, to disable this warning, add the `allowVulnerableTags` option
and ensure you are accounting for this risk.

 @ https://www.msccruzeiros.com.br/app/js/vendor.CNpzJls-.js:107
[   37207ms] [WARNING] 

⚠️ Your `allowedTags` option includes, `style`, which is inherently
vulnerable to XSS attacks. Please remove it from `allowedTags`.
Or, to disable this warning, add the `allowVulnerableTags` option
and ensure you are accounting for this risk.

 @ https://www.msccruzeiros.com.br/app/js/vendor.CNpzJls-.js:107
[   37208ms] [WARNING] 

⚠️ Your `allowedTags` option includes, `style`, which is inherently
vulnerable to XSS attacks. Please remove it from `allowedTags`.
Or, to disable this warning, add the `allowVulnerableTags` option
and ensure you are accounting for this risk.

 @ https://www.msccruzeiros.com.br/app/js/vendor.CNpzJls-.js:107
[   37208ms] [WARNING] 

⚠️ Your `allowedTags` option includes, `style`, which is inherently
vulnerable to XSS attacks. Please remove it from `allowedTags`.
Or, to disable this warning, add the `allowVulnerableTags` option
and ensure you are accounting for this risk.

 @ https://www.msccruzeiros.com.br/app/js/vendor.CNpzJls-.js:107
[   37208ms] [WARNING] 

⚠️ Your `allowedTags` option includes, `style`, which is inherently
vulnerable to XSS attacks. Please remove it from `allowedTags`.
Or, to disable this warning, add the `allowVulnerableTags` option
and ensure you are accounting for this risk.

 @ https://www.msccruzeiros.com.br/app/js/vendor.CNpzJls-.js:107
[   37208ms] [WARNING] 

⚠️ Your `allowedTags` option includes, `style`, which is inherently
vulnerable to XSS attacks. Please remove it from `allowedTags`.
Or, to disable this warning, add the `allowVulnerableTags` option
and ensure you are accounting for this risk.

 @ https://www.msccruzeiros.com.br/app/js/vendor.CNpzJls-.js:107
[   37208ms] [WARNING] 

⚠️ Your `allowedTags` option includes, `style`, which is inherently
vulnerable to XSS attacks. Please remove it from `allowedTags`.
Or, to disable this warning, add the `allowVulnerableTags` option
and ensure you are accounting for this risk.

 @ https://www.msccruzeiros.com.br/app/js/vendor.CNpzJls-.js:107
[   37208ms] [WARNING] 

⚠️ Your `allowedTags` option includes, `style`, which is inherently
vulnerable to XSS attacks. Please remove it from `allowedTags`.
Or, to disable this warning, add the `allowVulnerableTags` option
and ensure you are accounting for this risk.

 @ https://www.msccruzeiros.com.br/app/js/vendor.CNpzJls-.js:107
[   37208ms] [WARNING] 

⚠️ Your `allowedTags` option includes, `style`, which is inherently
vulnerable to XSS attacks. Please remove it from `allowedTags`.
Or, to disable this warning, add the `allowVulnerableTags` option
and ensure you are accounting for this risk.

 @ https://www.msccruzeiros.com.br/app/js/vendor.CNpzJls-.js:107
[   37208ms] [WARNING] 

⚠️ Your `allowedTags` option includes, `style`, which is inherently
vulnerable to XSS attacks. Please remove it from `allowedTags`.
Or, to disable this warning, add the `allowVulnerableTags` option
and ensure you are accounting for this risk.

 @ https://www.msccruzeiros.com.br/app/js/vendor.CNpzJls-.js:107
[   37208ms] [WARNING] 

⚠️ Your `allowedTags` option includes, `style`, which is inherently
vulnerable to XSS attacks. Please remove it from `allowedTags`.
Or, to disable this warning, add the `allowVulnerableTags` option
and ensure you are accounting for this risk.

 @ https://www.msccruzeiros.com.br/app/js/vendor.CNpzJls-.js:107
[   37208ms] [WARNING] 

⚠️ Your `allowedTags` option includes, `style`, which is inherently
vulnerable to XSS attacks. Please remove it from `allowedTags`.
Or, to disable this warning, add the `allowVulnerableTags` option
and ensure you are accounting for this risk.

 @ https://www.msccruzeiros.com.br/app/js/vendor.CNpzJls-.js:107
[   37208ms] [WARNING] 

⚠️ Your `allowedTags` option includes, `style`, which is inherently
vulnerable to XSS attacks. Please remove it from `allowedTags`.
Or, to disable this warning, add the `allowVulnerableTags` option
and ensure you are accounting for this risk.

 @ https://www.msccruzeiros.com.br/app/js/vendor.CNpzJls-.js:107
[   37208ms] [WARNING] 

⚠️ Your `allowedTags` option includes, `style`, which is inherently
vulnerable to XSS attacks. Please remove it from `allowedTags`.
Or, to disable this warning, add the `allowVulnerableTags` option
and ensure you are accounting for this risk.

 @ https://www.msccruzeiros.com.br/app/js/vendor.CNpzJls-.js:107
[   37208ms] [WARNING] 

⚠️ Your `allowedTags` option includes, `style`, which is inherently
vulnerable to XSS attacks. Please remove it from `allowedTags`.
Or, to disable this warning, add the `allowVulnerableTags` option
and ensure you are accounting for this risk.

 @ https://www.msccruzeiros.com.br/app/js/vendor.CNpzJls-.js:107
[   37208ms] [WARNING] 

⚠️ Your `allowedTags` option includes, `style`, which is inherently
vulnerable to XSS attacks. Please remove it from `allowedTags`.
Or, to disable this warning, add the `allowVulnerableTags` option
and ensure you are accounting for this risk.

 @ https://www.msccruzeiros.com.br/app/js/vendor.CNpzJls-.js:107
[   37208ms] [WARNING] 

⚠️ Your `allowedTags` option includes, `style`, which is inherently
vulnerable to XSS attacks. Please remove it from `allowedTags`.
Or, to disable this warning, add the `allowVulnerableTags` option
and ensure you are accounting for this risk.

 @ https://www.msccruzeiros.com.br/app/js/vendor.CNpzJls-.js:107
[   37208ms] [WARNING] 

⚠️ Your `allowedTags` option includes, `style`, which is inherently
vulnerable to XSS attacks. Please remove it from `allowedTags`.
Or, to disable this warning, add the `allowVulnerableTags` option
and ensure you are accounting for this risk.

 @ https://www.msccruzeiros.com.br/app/js/vendor.CNpzJls-.js:107
[   37208ms] [WARNING] 

⚠️ Your `allowedTags` option includes, `style`, which is inherently
vulnerable to XSS attacks. Please remove it from `allowedTags`.
Or, to disable this warning, add the `allowVulnerableTags` option
and ensure you are accounting for this risk.

 @ https://www.msccruzeiros.com.br/app/js/vendor.CNpzJls-.js:107
[   37208ms] [WARNING] 

⚠️ Your `allowedTags` option includes, `style`, which is inherently
vulnerable to XSS attacks. Please remove it from `allowedTags`.
Or, to disable this warning, add the `allowVulnerableTags` option
and ensure you are accounting for this risk.

 @ https://www.msccruzeiros.com.br/app/js/vendor.CNpzJls-.js:107
[   37208ms] [WARNING] 

⚠️ Your `allowedTags` option includes, `style`, which is inherently
vulnerable to XSS attacks. Please remove it from `allowedTags`.
Or, to disable this warning, add the `allowVulnerableTags` option
and ensure you are accounting for this risk.

 @ https://www.msccruzeiros.com.br/app/js/vendor.CNpzJls-.js:107
[   37208ms] [WARNING] 

⚠️ Your `allowedTags` option includes, `style`, which is inherently
vulnerable to XSS attacks. Please remove it from `allowedTags`.
Or, to disable this warning, add the `allowVulnerableTags` option
and ensure you are accounting for this risk.

 @ https://www.msccruzeiros.com.br/app/js/vendor.CNpzJls-.js:107
[   37208ms] [WARNING] 

⚠️ Your `allowedTags` option includes, `style`, which is inherently
vulnerable to XSS attacks. Please remove it from `allowedTags`.
Or, to disable this warning, add the `allowVulnerableTags` option
and ensure you are accounting for this risk.

 @ https://www.msccruzeiros.com.br/app/js/vendor.CNpzJls-.js:107
[   37208ms] [WARNING] 

⚠️ Your `allowedTags` option includes, `style`, which is inherently
vulnerable to XSS attacks. Please remove it from `allowedTags`.
Or, to disable this warning, add the `allowVulnerableTags` option
and ensure you are accounting for this risk.

 @ https://www.msccruzeiros.com.br/app/js/vendor.CNpzJls-.js:107
[   37208ms] [WARNING] 

⚠️ Your `allowedTags` option includes, `style`, which is inherently
vulnerable to XSS attacks. Please remove it from `allowedTags`.
Or, to disable this warning, add the `allowVulnerableTags` option
and ensure you are accounting for this risk.

 @ https://www.msccruzeiros.com.br/app/js/vendor.CNpzJls-.js:107
[   37208ms] [WARNING] 

⚠️ Your `allowedTags` option includes, `style`, which is inherently
vulnerable to XSS attacks. Please remove it from `allowedTags`.
Or, to disable this warning, add the `allowVulnerableTags` option
and ensure you are accounting for this risk.

 @ https://www.msccruzeiros.com.br/app/js/vendor.CNpzJls-.js:107
[   37208ms] [WARNING] 

⚠️ Your `allowedTags` option includes, `style`, which is inherently
vulnerable to XSS attacks. Please remove it from `allowedTags`.
Or, to disable this warning, add the `allowVulnerableTags` option
and ensure you are accounting for this risk.

 @ https://www.msccruzeiros.com.br/app/js/vendor.CNpzJls-.js:107
[   37208ms] [WARNING] 

⚠️ Your `allowedTags` option includes, `style`, which is inherently
vulnerable to XSS attacks. Please remove it from `allowedTags`.
Or, to disable this warning, add the `allowVulnerableTags` option
and ensure you are accounting for this risk.

 @ https://www.msccruzeiros.com.br/app/js/vendor.CNpzJls-.js:107
[   37208ms] [WARNING] 

⚠️ Your `allowedTags` option includes, `style`, which is inherently
vulnerable to XSS attacks. Please remove it from `allowedTags`.
Or, to disable this warning, add the `allowVulnerableTags` option
and ensure you are accounting for this risk.

 @ https://www.msccruzeiros.com.br/app/js/vendor.CNpzJls-.js:107
[   37208ms] [WARNING] 

⚠️ Your `allowedTags` option includes, `style`, which is inherently
vulnerable to XSS attacks. Please remove it from `allowedTags`.
Or, to disable this warning, add the `allowVulnerableTags` option
and ensure you are accounting for this risk.

 @ https://www.msccruzeiros.com.br/app/js/vendor.CNpzJls-.js:107
[   37208ms] [WARNING] 

⚠️ Your `allowedTags` option includes, `style`, which is inherently
vulnerable to XSS attacks. Please remove it from `allowedTags`.
Or, to disable this warning, add the `allowVulnerableTags` option
and ensure you are accounting for this risk.

 @ https://www.msccruzeiros.com.br/app/js/vendor.CNpzJls-.js:107
[   37209ms] [WARNING] 

⚠️ Your `allowedTags` option includes, `style`, which is inherently
vulnerable to XSS attacks. Please remove it from `allowedTags`.
Or, to disable this warning, add the `allowVulnerableTags` option
and ensure you are accounting for this risk.

 @ https://www.msccruzeiros.com.br/app/js/vendor.CNpzJls-.js:107
[   37209ms] [WARNING] 

⚠️ Your `allowedTags` option includes, `style`, which is inherently
vulnerable to XSS attacks. Please remove it from `allowedTags`.
Or, to disable this warning, add the `allowVulnerableTags` option
and ensure you are accounting for this risk.

 @ https://www.msccruzeiros.com.br/app/js/vendor.CNpzJls-.js:107
[   37209ms] [WARNING] 

⚠️ Your `allowedTags` option includes, `style`, which is inherently
vulnerable to XSS attacks. Please remove it from `allowedTags`.
Or, to disable this warning, add the `allowVulnerableTags` option
and ensure you are accounting for this risk.

 @ https://www.msccruzeiros.com.br/app/js/vendor.CNpzJls-.js:107
[   37209ms] [WARNING] 

⚠️ Your `allowedTags` option includes, `style`, which is inherently
vulnerable to XSS attacks. Please remove it from `allowedTags`.
Or, to disable this warning, add the `allowVulnerableTags` option
and ensure you are accounting for this risk.

 @ https://www.msccruzeiros.com.br/app/js/vendor.CNpzJls-.js:107
[   37209ms] [WARNING] 

⚠️ Your `allowedTags` option includes, `style`, which is inherently
vulnerable to XSS attacks. Please remove it from `allowedTags`.
Or, to disable this warning, add the `allowVulnerableTags` option
and ensure you are accounting for this risk.

 @ https://www.msccruzeiros.com.br/app/js/vendor.CNpzJls-.js:107
[   37209ms] [WARNING] 

⚠️ Your `allowedTags` option includes, `style`, which is inherently
vulnerable to XSS attacks. Please remove it from `allowedTags`.
Or, to disable this warning, add the `allowVulnerableTags` option
and ensure you are accounting for this risk.

 @ https://www.msccruzeiros.com.br/app/js/vendor.CNpzJls-.js:107
[   37209ms] [WARNING] 

⚠️ Your `allowedTags` option includes, `style`, which is inherently
vulnerable to XSS attacks. Please remove it from `allowedTags`.
Or, to disable this warning, add the `allowVulnerableTags` option
and ensure you are accounting for this risk.

 @ https://www.msccruzeiros.com.br/app/js/vendor.CNpzJls-.js:107
[   37209ms] [WARNING] 

⚠️ Your `allowedTags` option includes, `style`, which is inherently
vulnerable to XSS attacks. Please remove it from `allowedTags`.
Or, to disable this warning, add the `allowVulnerableTags` option
and ensure you are accounting for this risk.

 @ https://www.msccruzeiros.com.br/app/js/vendor.CNpzJls-.js:107
[   37209ms] [WARNING] 

⚠️ Your `allowedTags` option includes, `style`, which is inherently
vulnerable to XSS attacks. Please remove it from `allowedTags`.
Or, to disable this warning, add the `allowVulnerableTags` option
and ensure you are accounting for this risk.

 @ https://www.msccruzeiros.com.br/app/js/vendor.CNpzJls-.js:107
[   37209ms] [WARNING] 

⚠️ Your `allowedTags` option includes, `style`, which is inherently
vulnerable to XSS attacks. Please remove it from `allowedTags`.
Or, to disable this warning, add the `allowVulnerableTags` option
and ensure you are accounting for this risk.

 @ https://www.msccruzeiros.com.br/app/js/vendor.CNpzJls-.js:107
[   37209ms] [WARNING] 

⚠️ Your `allowedTags` option includes, `style`, which is inherently
vulnerable to XSS attacks. Please remove it from `allowedTags`.
Or, to disable this warning, add the `allowVulnerableTags` option
and ensure you are accounting for this risk.

 @ https://www.msccruzeiros.com.br/app/js/vendor.CNpzJls-.js:107
[   37209ms] [WARNING] 

⚠️ Your `allowedTags` option includes, `style`, which is inherently
vulnerable to XSS attacks. Please remove it from `allowedTags`.
Or, to disable this warning, add the `allowVulnerableTags` option
and ensure you are accounting for this risk.

 @ https://www.msccruzeiros.com.br/app/js/vendor.CNpzJls-.js:107
[   37209ms] [WARNING] 

⚠️ Your `allowedTags` option includes, `style`, which is inherently
vulnerable to XSS attacks. Please remove it from `allowedTags`.
Or, to disable this warning, add the `allowVulnerableTags` option
and ensure you are accounting for this risk.

 @ https://www.msccruzeiros.com.br/app/js/vendor.CNpzJls-.js:107
[   37209ms] [WARNING] 

⚠️ Your `allowedTags` option includes, `style`, which is inherently
vulnerable to XSS attacks. Please remove it from `allowedTags`.
Or, to disable this warning, add the `allowVulnerableTags` option
and ensure you are accounting for this risk.

 @ https://www.msccruzeiros.com.br/app/js/vendor.CNpzJls-.js:107
[   37209ms] [WARNING] 

⚠️ Your `allowedTags` option includes, `style`, which is inherently
vulnerable to XSS attacks. Please remove it from `allowedTags`.
Or, to disable this warning, add the `allowVulnerableTags` option
and ensure you are accounting for this risk.

 @ https://www.msccruzeiros.com.br/app/js/vendor.CNpzJls-.js:107
[   37209ms] [WARNING] 

⚠️ Your `allowedTags` option includes, `style`, which is inherently
vulnerable to XSS attacks. Please remove it from `allowedTags`.
Or, to disable this warning, add the `allowVulnerableTags` option
and ensure you are accounting for this risk.

 @ https://www.msccruzeiros.com.br/app/js/vendor.CNpzJls-.js:107
[   37209ms] [WARNING] 

⚠️ Your `allowedTags` option includes, `style`, which is inherently
vulnerable to XSS attacks. Please remove it from `allowedTags`.
Or, to disable this warning, add the `allowVulnerableTags` option
and ensure you are accounting for this risk.

 @ https://www.msccruzeiros.com.br/app/js/vendor.CNpzJls-.js:107
[   37209ms] [WARNING] 

⚠️ Your `allowedTags` option includes, `style`, which is inherently
vulnerable to XSS attacks. Please remove it from `allowedTags`.
Or, to disable this warning, add the `allowVulnerableTags` option
and ensure you are accounting for this risk.

 @ https://www.msccruzeiros.com.br/app/js/vendor.CNpzJls-.js:107
[   37209ms] [WARNING] 

⚠️ Your `allowedTags` option includes, `style`, which is inherently
vulnerable to XSS attacks. Please remove it from `allowedTags`.
Or, to disable this warning, add the `allowVulnerableTags` option
and ensure you are accounting for this risk.

 @ https://www.msccruzeiros.com.br/app/js/vendor.CNpzJls-.js:107
[   37209ms] [WARNING] 

⚠️ Your `allowedTags` option includes, `style`, which is inherently
vulnerable to XSS attacks. Please remove it from `allowedTags`.
Or, to disable this warning, add the `allowVulnerableTags` option
and ensure you are accounting for this risk.

 @ https://www.msccruzeiros.com.br/app/js/vendor.CNpzJls-.js:107
[   37209ms] [WARNING] 

⚠️ Your `allowedTags` option includes, `style`, which is inherently
vulnerable to XSS attacks. Please remove it from `allowedTags`.
Or, to disable this warning, add the `allowVulnerableTags` option
and ensure you are accounting for this risk.

 @ https://www.msccruzeiros.com.br/app/js/vendor.CNpzJls-.js:107
[   37209ms] [WARNING] 

⚠️ Your `allowedTags` option includes, `style`, which is inherently
vulnerable to XSS attacks. Please remove it from `allowedTags`.
Or, to disable this warning, add the `allowVulnerableTags` option
and ensure you are accounting for this risk.

 @ https://www.msccruzeiros.com.br/app/js/vendor.CNpzJls-.js:107
[   37209ms] [WARNING] 

⚠️ Your `allowedTags` option includes, `style`, which is inherently
vulnerable to XSS attacks. Please remove it from `allowedTags`.
Or, to disable this warning, add the `allowVulnerableTags` option
and ensure you are accounting for this risk.

 @ https://www.msccruzeiros.com.br/app/js/vendor.CNpzJls-.js:107
[   37209ms] [WARNING] 

⚠️ Your `allowedTags` option includes, `style`, which is inherently
vulnerable to XSS attacks. Please remove it from `allowedTags`.
Or, to disable this warning, add the `allowVulnerableTags` option
and ensure you are accounting for this risk.

 @ https://www.msccruzeiros.com.br/app/js/vendor.CNpzJls-.js:107
[   37209ms] [WARNING] 

⚠️ Your `allowedTags` option includes, `style`, which is inherently
vulnerable to XSS attacks. Please remove it from `allowedTags`.
Or, to disable this warning, add the `allowVulnerableTags` option
and ensure you are accounting for this risk.

 @ https://www.msccruzeiros.com.br/app/js/vendor.CNpzJls-.js:107
[   37209ms] [WARNING] 

⚠️ Your `allowedTags` option includes, `style`, which is inherently
vulnerable to XSS attacks. Please remove it from `allowedTags`.
Or, to disable this warning, add the `allowVulnerableTags` option
and ensure you are accounting for this risk.

 @ https://www.msccruzeiros.com.br/app/js/vendor.CNpzJls-.js:107
[   37209ms] [WARNING] 

⚠️ Your `allowedTags` option includes, `style`, which is inherently
vulnerable to XSS attacks. Please remove it from `allowedTags`.
Or, to disable this warning, add the `allowVulnerableTags` option
and ensure you are accounting for this risk.

 @ https://www.msccruzeiros.com.br/app/js/vendor.CNpzJls-.js:107
[   37210ms] [WARNING] 

⚠️ Your `allowedTags` option includes, `style`, which is inherently
vulnerable to XSS attacks. Please remove it from `allowedTags`.
Or, to disable this warning, add the `allowVulnerableTags` option
and ensure you are accounting for this risk.

 @ https://www.msccruzeiros.com.br/app/js/vendor.CNpzJls-.js:107
[   37210ms] [WARNING] 

⚠️ Your `allowedTags` option includes, `style`, which is inherently
vulnerable to XSS attacks. Please remove it from `allowedTags`.
Or, to disable this warning, add the `allowVulnerableTags` option
and ensure you are accounting for this risk.

 @ https://www.msccruzeiros.com.br/app/js/vendor.CNpzJls-.js:107
[   37210ms] [WARNING] 

⚠️ Your `allowedTags` option includes, `style`, which is inherently
vulnerable to XSS attacks. Please remove it from `allowedTags`.
Or, to disable this warning, add the `allowVulnerableTags` option
and ensure you are accounting for this risk.

 @ https://www.msccruzeiros.com.br/app/js/vendor.CNpzJls-.js:107
[   37210ms] [WARNING] 

⚠️ Your `allowedTags` option includes, `style`, which is inherently
vulnerable to XSS attacks. Please remove it from `allowedTags`.
Or, to disable this warning, add the `allowVulnerableTags` option
and ensure you are accounting for this risk.

 @ https://www.msccruzeiros.com.br/app/js/vendor.CNpzJls-.js:107
[   37210ms] [WARNING] 

⚠️ Your `allowedTags` option includes, `style`, which is inherently
vulnerable to XSS attacks. Please remove it from `allowedTags`.
Or, to disable this warning, add the `allowVulnerableTags` option
and ensure you are accounting for this risk.

 @ https://www.msccruzeiros.com.br/app/js/vendor.CNpzJls-.js:107
[   37210ms] [WARNING] 

⚠️ Your `allowedTags` option includes, `style`, which is inherently
vulnerable to XSS attacks. Please remove it from `allowedTags`.
Or, to disable this warning, add the `allowVulnerableTags` option
and ensure you are accounting for this risk.

 @ https://www.msccruzeiros.com.br/app/js/vendor.CNpzJls-.js:107
[   37210ms] [WARNING] 

⚠️ Your `allowedTags` option includes, `style`, which is inherently
vulnerable to XSS attacks. Please remove it from `allowedTags`.
Or, to disable this warning, add the `allowVulnerableTags` option
and ensure you are accounting for this risk.

 @ https://www.msccruzeiros.com.br/app/js/vendor.CNpzJls-.js:107
[   37210ms] [WARNING] 

⚠️ Your `allowedTags` option includes, `style`, which is inherently
vulnerable to XSS attacks. Please remove it from `allowedTags`.
Or, to disable this warning, add the `allowVulnerableTags` option
and ensure you are accounting for this risk.

 @ https://www.msccruzeiros.com.br/app/js/vendor.CNpzJls-.js:107
[   37210ms] [WARNING] 

⚠️ Your `allowedTags` option includes, `style`, which is inherently
vulnerable to XSS attacks. Please remove it from `allowedTags`.
Or, to disable this warning, add the `allowVulnerableTags` option
and ensure you are accounting for this risk.

 @ https://www.msccruzeiros.com.br/app/js/vendor.CNpzJls-.js:107
[   37210ms] [WARNING] 

⚠️ Your `allowedTags` option includes, `style`, which is inherently
vulnerable to XSS attacks. Please remove it from `allowedTags`.
Or, to disable this warning, add the `allowVulnerableTags` option
and ensure you are accounting for this risk.

 @ https://www.msccruzeiros.com.br/app/js/vendor.CNpzJls-.js:107
[   37210ms] [WARNING] 

⚠️ Your `allowedTags` option includes, `style`, which is inherently
vulnerable to XSS attacks. Please remove it from `allowedTags`.
Or, to disable this warning, add the `allowVulnerableTags` option
and ensure you are accounting for this risk.

 @ https://www.msccruzeiros.com.br/app/js/vendor.CNpzJls-.js:107
[   37210ms] [WARNING] 

⚠️ Your `allowedTags` option includes, `style`, which is inherently
vulnerable to XSS attacks. Please remove it from `allowedTags`.
Or, to disable this warning, add the `allowVulnerableTags` option
and ensure you are accounting for this risk.

 @ https://www.msccruzeiros.com.br/app/js/vendor.CNpzJls-.js:107
[   37210ms] [WARNING] 

⚠️ Your `allowedTags` option includes, `style`, which is inherently
vulnerable to XSS attacks. Please remove it from `allowedTags`.
Or, to disable this warning, add the `allowVulnerableTags` option
and ensure you are accounting for this risk.

 @ https://www.msccruzeiros.com.br/app/js/vendor.CNpzJls-.js:107
[   37210ms] [WARNING] 

⚠️ Your `allowedTags` option includes, `style`, which is inherently
vulnerable to XSS attacks. Please remove it from `allowedTags`.
Or, to disable this warning, add the `allowVulnerableTags` option
and ensure you are accounting for this risk.

 @ https://www.msccruzeiros.com.br/app/js/vendor.CNpzJls-.js:107
[   37210ms] [WARNING] 

⚠️ Your `allowedTags` option includes, `style`, which is inherently
vulnerable to XSS attacks. Please remove it from `allowedTags`.
Or, to disable this warning, add the `allowVulnerableTags` option
and ensure you are accounting for this risk.

 @ https://www.msccruzeiros.com.br/app/js/vendor.CNpzJls-.js:107
[   37210ms] [WARNING] 

⚠️ Your `allowedTags` option includes, `style`, which is inherently
vulnerable to XSS attacks. Please remove it from `allowedTags`.
Or, to disable this warning, add the `allowVulnerableTags` option
and ensure you are accounting for this risk.

 @ https://www.msccruzeiros.com.br/app/js/vendor.CNpzJls-.js:107
[   37210ms] [WARNING] 

⚠️ Your `allowedTags` option includes, `style`, which is inherently
vulnerable to XSS attacks. Please remove it from `allowedTags`.
Or, to disable this warning, add the `allowVulnerableTags` option
and ensure you are accounting for this risk.

 @ https://www.msccruzeiros.com.br/app/js/vendor.CNpzJls-.js:107
[   37210ms] [WARNING] 

⚠️ Your `allowedTags` option includes, `style`, which is inherently
vulnerable to XSS attacks. Please remove it from `allowedTags`.
Or, to disable this warning, add the `allowVulnerableTags` option
and ensure you are accounting for this risk.

 @ https://www.msccruzeiros.com.br/app/js/vendor.CNpzJls-.js:107
[   37210ms] [WARNING] 

⚠️ Your `allowedTags` option includes, `style`, which is inherently
vulnerable to XSS attacks. Please remove it from `allowedTags`.
Or, to disable this warning, add the `allowVulnerableTags` option
and ensure you are accounting for this risk.

 @ https://www.msccruzeiros.com.br/app/js/vendor.CNpzJls-.js:107
[   37210ms] [WARNING] 

⚠️ Your `allowedTags` option includes, `style`, which is inherently
vulnerable to XSS attacks. Please remove it from `allowedTags`.
Or, to disable this warning, add the `allowVulnerableTags` option
and ensure you are accounting for this risk.

 @ https://www.msccruzeiros.com.br/app/js/vendor.CNpzJls-.js:107
[   37210ms] [WARNING] 

⚠️ Your `allowedTags` option includes, `style`, which is inherently
vulnerable to XSS attacks. Please remove it from `allowedTags`.
Or, to disable this warning, add the `allowVulnerableTags` option
and ensure you are accounting for this risk.

 @ https://www.msccruzeiros.com.br/app/js/vendor.CNpzJls-.js:107
[   37210ms] [WARNING] 

⚠️ Your `allowedTags` option includes, `style`, which is inherently
vulnerable to XSS attacks. Please remove it from `allowedTags`.
Or, to disable this warning, add the `allowVulnerableTags` option
and ensure you are accounting for this risk.

 @ https://www.msccruzeiros.com.br/app/js/vendor.CNpzJls-.js:107
[   37210ms] [WARNING] 

⚠️ Your `allowedTags` option includes, `style`, which is inherently
vulnerable to XSS attacks. Please remove it from `allowedTags`.
Or, to disable this warning, add the `allowVulnerableTags` option
and ensure you are accounting for this risk.

 @ https://www.msccruzeiros.com.br/app/js/vendor.CNpzJls-.js:107
[   37210ms] [WARNING] 

⚠️ Your `allowedTags` option includes, `style`, which is inherently
vulnerable to XSS attacks. Please remove it from `allowedTags`.
Or, to disable this warning, add the `allowVulnerableTags` option
and ensure you are accounting for this risk.

 @ https://www.msccruzeiros.com.br/app/js/vendor.CNpzJls-.js:107
[   37210ms] [WARNING] 

⚠️ Your `allowedTags` option includes, `style`, which is inherently
vulnerable to XSS attacks. Please remove it from `allowedTags`.
Or, to disable this warning, add the `allowVulnerableTags` option
and ensure you are accounting for this risk.

 @ https://www.msccruzeiros.com.br/app/js/vendor.CNpzJls-.js:107
[   37210ms] [WARNING] 

⚠️ Your `allowedTags` option includes, `style`, which is inherently
vulnerable to XSS attacks. Please remove it from `allowedTags`.
Or, to disable this warning, add the `allowVulnerableTags` option
and ensure you are accounting for this risk.

 @ https://www.msccruzeiros.com.br/app/js/vendor.CNpzJls-.js:107
[   37210ms] [WARNING] 

⚠️ Your `allowedTags` option includes, `style`, which is inherently
vulnerable to XSS attacks. Please remove it from `allowedTags`.
Or, to disable this warning, add the `allowVulnerableTags` option
and ensure you are accounting for this risk.

 @ https://www.msccruzeiros.com.br/app/js/vendor.CNpzJls-.js:107
[   37210ms] [WARNING] 

⚠️ Your `allowedTags` option includes, `style`, which is inherently
vulnerable to XSS attacks. Please remove it from `allowedTags`.
Or, to disable this warning, add the `allowVulnerableTags` option
and ensure you are accounting for this risk.

 @ https://www.msccruzeiros.com.br/app/js/vendor.CNpzJls-.js:107
[   37210ms] [WARNING] 

⚠️ Your `allowedTags` option includes, `style`, which is inherently
vulnerable to XSS attacks. Please remove it from `allowedTags`.
Or, to disable this warning, add the `allowVulnerableTags` option
and ensure you are accounting for this risk.

 @ https://www.msccruzeiros.com.br/app/js/vendor.CNpzJls-.js:107
[   37210ms] [WARNING] 

⚠️ Your `allowedTags` option includes, `style`, which is inherently
vulnerable to XSS attacks. Please remove it from `allowedTags`.
Or, to disable this warning, add the `allowVulnerableTags` option
and ensure you are accounting for this risk.

 @ https://www.msccruzeiros.com.br/app/js/vendor.CNpzJls-.js:107
[   37211ms] [WARNING] 

⚠️ Your `allowedTags` option includes, `style`, which is inherently
vulnerable to XSS attacks. Please remove it from `allowedTags`.
Or, to disable this warning, add the `allowVulnerableTags` option
and ensure you are accounting for this risk.

 @ https://www.msccruzeiros.com.br/app/js/vendor.CNpzJls-.js:107
[   37211ms] [WARNING] 

⚠️ Your `allowedTags` option includes, `style`, which is inherently
vulnerable to XSS attacks. Please remove it from `allowedTags`.
Or, to disable this warning, add the `allowVulnerableTags` option
and ensure you are accounting for this risk.

 @ https://www.msccruzeiros.com.br/app/js/vendor.CNpzJls-.js:107
[   37211ms] [WARNING] 

⚠️ Your `allowedTags` option includes, `style`, which is inherently
vulnerable to XSS attacks. Please remove it from `allowedTags`.
Or, to disable this warning, add the `allowVulnerableTags` option
and ensure you are accounting for this risk.

 @ https://www.msccruzeiros.com.br/app/js/vendor.CNpzJls-.js:107
[   37211ms] [WARNING] 

⚠️ Your `allowedTags` option includes, `style`, which is inherently
vulnerable to XSS attacks. Please remove it from `allowedTags`.
Or, to disable this warning, add the `allowVulnerableTags` option
and ensure you are accounting for this risk.

 @ https://www.msccruzeiros.com.br/app/js/vendor.CNpzJls-.js:107
[   37211ms] [WARNING] 

⚠️ Your `allowedTags` option includes, `style`, which is inherently
vulnerable to XSS attacks. Please remove it from `allowedTags`.
Or, to disable this warning, add the `allowVulnerableTags` option
and ensure you are accounting for this risk.

 @ https://www.msccruzeiros.com.br/app/js/vendor.CNpzJls-.js:107
[   37211ms] [WARNING] 

⚠️ Your `allowedTags` option includes, `style`, which is inherently
vulnerable to XSS attacks. Please remove it from `allowedTags`.
Or, to disable this warning, add the `allowVulnerableTags` option
and ensure you are accounting for this risk.

 @ https://www.msccruzeiros.com.br/app/js/vendor.CNpzJls-.js:107
[   37211ms] [WARNING] 

⚠️ Your `allowedTags` option includes, `style`, which is inherently
vulnerable to XSS attacks. Please remove it from `allowedTags`.
Or, to disable this warning, add the `allowVulnerableTags` option
and ensure you are accounting for this risk.

 @ https://www.msccruzeiros.com.br/app/js/vendor.CNpzJls-.js:107
[   37211ms] [WARNING] 

⚠️ Your `allowedTags` option includes, `style`, which is inherently
vulnerable to XSS attacks. Please remove it from `allowedTags`.
Or, to disable this warning, add the `allowVulnerableTags` option
and ensure you are accounting for this risk.

 @ https://www.msccruzeiros.com.br/app/js/vendor.CNpzJls-.js:107
[   37211ms] [WARNING] 

⚠️ Your `allowedTags` option includes, `style`, which is inherently
vulnerable to XSS attacks. Please remove it from `allowedTags`.
Or, to disable this warning, add the `allowVulnerableTags` option
and ensure you are accounting for this risk.

 @ https://www.msccruzeiros.com.br/app/js/vendor.CNpzJls-.js:107
[   37211ms] [WARNING] 

⚠️ Your `allowedTags` option includes, `style`, which is inherently
vulnerable to XSS attacks. Please remove it from `allowedTags`.
Or, to disable this warning, add the `allowVulnerableTags` option
and ensure you are accounting for this risk.

 @ https://www.msccruzeiros.com.br/app/js/vendor.CNpzJls-.js:107
[   37211ms] [WARNING] 

⚠️ Your `allowedTags` option includes, `style`, which is inherently
vulnerable to XSS attacks. Please remove it from `allowedTags`.
Or, to disable this warning, add the `allowVulnerableTags` option
and ensure you are accounting for this risk.

 @ https://www.msccruzeiros.com.br/app/js/vendor.CNpzJls-.js:107
[   37211ms] [WARNING] 

⚠️ Your `allowedTags` option includes, `style`, which is inherently
vulnerable to XSS attacks. Please remove it from `allowedTags`.
Or, to disable this warning, add the `allowVulnerableTags` option
and ensure you are accounting for this risk.

 @ https://www.msccruzeiros.com.br/app/js/vendor.CNpzJls-.js:107
[   37211ms] [WARNING] 

⚠️ Your `allowedTags` option includes, `style`, which is inherently
vulnerable to XSS attacks. Please remove it from `allowedTags`.
Or, to disable this warning, add the `allowVulnerableTags` option
and ensure you are accounting for this risk.

 @ https://www.msccruzeiros.com.br/app/js/vendor.CNpzJls-.js:107
[   37211ms] [WARNING] 

⚠️ Your `allowedTags` option includes, `style`, which is inherently
vulnerable to XSS attacks. Please remove it from `allowedTags`.
Or, to disable this warning, add the `allowVulnerableTags` option
and ensure you are accounting for this risk.

 @ https://www.msccruzeiros.com.br/app/js/vendor.CNpzJls-.js:107
[   37211ms] [WARNING] 

⚠️ Your `allowedTags` option includes, `style`, which is inherently
vulnerable to XSS attacks. Please remove it from `allowedTags`.
Or, to disable this warning, add the `allowVulnerableTags` option
and ensure you are accounting for this risk.

 @ https://www.msccruzeiros.com.br/app/js/vendor.CNpzJls-.js:107
[   37211ms] [WARNING] 

⚠️ Your `allowedTags` option includes, `style`, which is inherently
vulnerable to XSS attacks. Please remove it from `allowedTags`.
Or, to disable this warning, add the `allowVulnerableTags` option
and ensure you are accounting for this risk.

 @ https://www.msccruzeiros.com.br/app/js/vendor.CNpzJls-.js:107
[   37211ms] [WARNING] 

⚠️ Your `allowedTags` option includes, `style`, which is inherently
vulnerable to XSS attacks. Please remove it from `allowedTags`.
Or, to disable this warning, add the `allowVulnerableTags` option
and ensure you are accounting for this risk.

 @ https://www.msccruzeiros.com.br/app/js/vendor.CNpzJls-.js:107
[   37223ms] [WARNING] 

⚠️ Your `allowedTags` option includes, `style`, which is inherently
vulnerable to XSS attacks. Please remove it from `allowedTags`.
Or, to disable this warning, add the `allowVulnerableTags` option
and ensure you are accounting for this risk.

 @ https://www.msccruzeiros.com.br/app/js/vendor.CNpzJls-.js:107
[   37224ms] [WARNING] 

⚠️ Your `allowedTags` option includes, `style`, which is inherently
vulnerable to XSS attacks. Please remove it from `allowedTags`.
Or, to disable this warning, add the `allowVulnerableTags` option
and ensure you are accounting for this risk.

 @ https://www.msccruzeiros.com.br/app/js/vendor.CNpzJls-.js:107
[   37224ms] [WARNING] 

⚠️ Your `allowedTags` option includes, `style`, which is inherently
vulnerable to XSS attacks. Please remove it from `allowedTags`.
Or, to disable this warning, add the `allowVulnerableTags` option
and ensure you are accounting for this risk.

 @ https://www.msccruzeiros.com.br/app/js/vendor.CNpzJls-.js:107
[   37224ms] [WARNING] 

⚠️ Your `allowedTags` option includes, `style`, which is inherently
vulnerable to XSS attacks. Please remove it from `allowedTags`.
Or, to disable this warning, add the `allowVulnerableTags` option
and ensure you are accounting for this risk.

 @ https://www.msccruzeiros.com.br/app/js/vendor.CNpzJls-.js:107
[   37224ms] [WARNING] 

⚠️ Your `allowedTags` option includes, `style`, which is inherently
vulnerable to XSS attacks. Please remove it from `allowedTags`.
Or, to disable this warning, add the `allowVulnerableTags` option
and ensure you are accounting for this risk.

 @ https://www.msccruzeiros.com.br/app/js/vendor.CNpzJls-.js:107
[   37224ms] [WARNING] 

⚠️ Your `allowedTags` option includes, `style`, which is inherently
vulnerable to XSS attacks. Please remove it from `allowedTags`.
Or, to disable this warning, add the `allowVulnerableTags` option
and ensure you are accounting for this risk.

 @ https://www.msccruzeiros.com.br/app/js/vendor.CNpzJls-.js:107
[   37225ms] [WARNING] 

⚠️ Your `allowedTags` option includes, `style`, which is inherently
vulnerable to XSS attacks. Please remove it from `allowedTags`.
Or, to disable this warning, add the `allowVulnerableTags` option
and ensure you are accounting for this risk.

 @ https://www.msccruzeiros.com.br/app/js/vendor.CNpzJls-.js:107
[   37225ms] [WARNING] 

⚠️ Your `allowedTags` option includes, `style`, which is inherently
vulnerable to XSS attacks. Please remove it from `allowedTags`.
Or, to disable this warning, add the `allowVulnerableTags` option
and ensure you are accounting for this risk.

 @ https://www.msccruzeiros.com.br/app/js/vendor.CNpzJls-.js:107
[   37225ms] [WARNING] 

⚠️ Your `allowedTags` option includes, `style`, which is inherently
vulnerable to XSS attacks. Please remove it from `allowedTags`.
Or, to disable this warning, add the `allowVulnerableTags` option
and ensure you are accounting for this risk.

 @ https://www.msccruzeiros.com.br/app/js/vendor.CNpzJls-.js:107
[   37225ms] [WARNING] 

⚠️ Your `allowedTags` option includes, `style`, which is inherently
vulnerable to XSS attacks. Please remove it from `allowedTags`.
Or, to disable this warning, add the `allowVulnerableTags` option
and ensure you are accounting for this risk.

 @ https://www.msccruzeiros.com.br/app/js/vendor.CNpzJls-.js:107
[   37225ms] [WARNING] 

⚠️ Your `allowedTags` option includes, `style`, which is inherently
vulnerable to XSS attacks. Please remove it from `allowedTags`.
Or, to disable this warning, add the `allowVulnerableTags` option
and ensure you are accounting for this risk.

 @ https://www.msccruzeiros.com.br/app/js/vendor.CNpzJls-.js:107
[   37225ms] [WARNING] 

⚠️ Your `allowedTags` option includes, `style`, which is inherently
vulnerable to XSS attacks. Please remove it from `allowedTags`.
Or, to disable this warning, add the `allowVulnerableTags` option
and ensure you are accounting for this risk.

 @ https://www.msccruzeiros.com.br/app/js/vendor.CNpzJls-.js:107
[   37226ms] [WARNING] 

⚠️ Your `allowedTags` option includes, `style`, which is inherently
vulnerable to XSS attacks. Please remove it from `allowedTags`.
Or, to disable this warning, add the `allowVulnerableTags` option
and ensure you are accounting for this risk.

 @ https://www.msccruzeiros.com.br/app/js/vendor.CNpzJls-.js:107
[   37226ms] [WARNING] 

⚠️ Your `allowedTags` option includes, `style`, which is inherently
vulnerable to XSS attacks. Please remove it from `allowedTags`.
Or, to disable this warning, add the `allowVulnerableTags` option
and ensure you are accounting for this risk.

 @ https://www.msccruzeiros.com.br/app/js/vendor.CNpzJls-.js:107
[   37226ms] [WARNING] 

⚠️ Your `allowedTags` option includes, `style`, which is inherently
vulnerable to XSS attacks. Please remove it from `allowedTags`.
Or, to disable this warning, add the `allowVulnerableTags` option
and ensure you are accounting for this risk.

 @ https://www.msccruzeiros.com.br/app/js/vendor.CNpzJls-.js:107
[   37900ms] [ERROR] Failed to load resource: net::ERR_CERT_DATE_INVALID @ https://tiy.msccruzeiros.com.br/js/na/na/u/db29a9a21e.js:0
[   38737ms] [LOG] Found GA4 tag @ https://rtp-static.marketo.com/rtp/libs/ga-integration-2.0.5.js:0
[   44804ms] [WARNING] 

⚠️ Your `allowedTags` option includes, `style`, which is inherently
vulnerable to XSS attacks. Please remove it from `allowedTags`.
Or, to disable this warning, add the `allowVulnerableTags` option
and ensure you are accounting for this risk.

 @ https://www.msccruzeiros.com.br/app/js/vendor.CNpzJls-.js:107
[   44805ms] [WARNING] Automation property automation-value is null or empty JSHandle@node @ https://www.msccruzeiros.com.br/app/js/automation-id-directive.CiCfc1vE.js:0
[   44805ms] [WARNING] Automation property automation-value is null or empty JSHandle@node @ https://www.msccruzeiros.com.br/app/js/automation-id-directive.CiCfc1vE.js:0
[   44805ms] [WARNING] Automation property automation-value is null or empty JSHandle@node @ https://www.msccruzeiros.com.br/app/js/automation-id-directive.CiCfc1vE.js:0
[   44805ms] [WARNING] Automation property automation-value is null or empty JSHandle@node @ https://www.msccruzeiros.com.br/app/js/automation-id-directive.CiCfc1vE.js:0
[   44805ms] [WARNING] Automation property automation-value is null or empty JSHandle@node @ https://www.msccruzeiros.com.br/app/js/automation-id-directive.CiCfc1vE.js:0
[   44806ms] [WARNING] Automation property automation-value is null or empty JSHandle@node @ https://www.msccruzeiros.com.br/app/js/automation-id-directive.CiCfc1vE.js:0
[   44806ms] [WARNING] Automation property automation-value is null or empty JSHandle@node @ https://www.msccruzeiros.com.br/app/js/automation-id-directive.CiCfc1vE.js:0
[   44806ms] [WARNING] Automation property automation-value is null or empty JSHandle@node @ https://www.msccruzeiros.com.br/app/js/automation-id-directive.CiCfc1vE.js:0
[   44806ms] [WARNING] Automation property automation-value is null or empty JSHandle@node @ https://www.msccruzeiros.com.br/app/js/automation-id-directive.CiCfc1vE.js:0
[   44806ms] [WARNING] Automation property automation-value is null or empty JSHandle@node @ https://www.msccruzeiros.com.br/app/js/automation-id-directive.CiCfc1vE.js:0
[   44806ms] [WARNING] Automation property automation-value is null or empty JSHandle@node @ https://www.msccruzeiros.com.br/app/js/automation-id-directive.CiCfc1vE.js:0
[   44806ms] [WARNING] Automation property automation-value is null or empty JSHandle@node @ https://www.msccruzeiros.com.br/app/js/automation-id-directive.CiCfc1vE.js:0
[   44806ms] [WARNING] Automation property automation-value is null or empty JSHandle@node @ https://www.msccruzeiros.com.br/app/js/automation-id-directive.CiCfc1vE.js:0
[   44806ms] [WARNING] Automation property automation-value is null or empty JSHandle@node @ https://www.msccruzeiros.com.br/app/js/automation-id-directive.CiCfc1vE.js:0
[   44806ms] [WARNING] Automation property automation-value is null or empty JSHandle@node @ https://www.msccruzeiros.com.br/app/js/automation-id-directive.CiCfc1vE.js:0
[   45575ms] [LOG] Download the Apollo DevTools for a better development experience: %s https://chrome.google.com/webstore/detail/apollo-client-developer-t/jdkknkkbebbapilgoeccciglkfbmbnfm @ https://www.msccruzeiros.com.br/app/js/vendor.CNpzJls-.js:114
[   52851ms] [WARNING] 

⚠️ Your `allowedTags` option includes, `style`, which is inherently
vulnerable to XSS attacks. Please remove it from `allowedTags`.
Or, to disable this warning, add the `allowVulnerableTags` option
and ensure you are accounting for this risk.

 @ https://www.msccruzeiros.com.br/app/js/vendor.CNpzJls-.js:107
[   52852ms] [WARNING] Automation property automation-value is null or empty JSHandle@node @ https://www.msccruzeiros.com.br/app/js/automation-id-directive.CiCfc1vE.js:0
[   52852ms] [WARNING] Automation property automation-value is null or empty JSHandle@node @ https://www.msccruzeiros.com.br/app/js/automation-id-directive.CiCfc1vE.js:0
[   52852ms] [WARNING] Automation property automation-value is null or empty JSHandle@node @ https://www.msccruzeiros.com.br/app/js/automation-id-directive.CiCfc1vE.js:0
[   52852ms] [WARNING] Automation property automation-value is null or empty JSHandle@node @ https://www.msccruzeiros.com.br/app/js/automation-id-directive.CiCfc1vE.js:0
[   52852ms] [WARNING] Automation property automation-value is null or empty JSHandle@node @ https://www.msccruzeiros.com.br/app/js/automation-id-directive.CiCfc1vE.js:0
[   52852ms] [WARNING] Automation property automation-value is null or empty JSHandle@node @ https://www.msccruzeiros.com.br/app/js/automation-id-directive.CiCfc1vE.js:0
[   52852ms] [WARNING] Automation property automation-value is null or empty JSHandle@node @ https://www.msccruzeiros.com.br/app/js/automation-id-directive.CiCfc1vE.js:0
[   52852ms] [WARNING] Automation property automation-value is null or empty JSHandle@node @ https://www.msccruzeiros.com.br/app/js/automation-id-directive.CiCfc1vE.js:0
[   52852ms] [WARNING] Automation property automation-value is null or empty JSHandle@node @ https://www.msccruzeiros.com.br/app/js/automation-id-directive.CiCfc1vE.js:0
[   52852ms] [WARNING] Automation property automation-value is null or empty JSHandle@node @ https://www.msccruzeiros.com.br/app/js/automation-id-directive.CiCfc1vE.js:0
[   52852ms] [WARNING] Automation property automation-value is null or empty JSHandle@node @ https://www.msccruzeiros.com.br/app/js/automation-id-directive.CiCfc1vE.js:0
[   52852ms] [WARNING] Automation property automation-value is null or empty JSHandle@node @ https://www.msccruzeiros.com.br/app/js/automation-id-directive.CiCfc1vE.js:0
[   52852ms] [WARNING] Automation property automation-value is null or empty JSHandle@node @ https://www.msccruzeiros.com.br/app/js/automation-id-directive.CiCfc1vE.js:0
[   52853ms] [WARNING] Automation property automation-value is null or empty JSHandle@node @ https://www.msccruzeiros.com.br/app/js/automation-id-directive.CiCfc1vE.js:0
[   52853ms] [WARNING] Automation property automation-value is null or empty JSHandle@node @ https://www.msccruzeiros.com.br/app/js/automation-id-directive.CiCfc1vE.js:0
[   75644ms] [ERROR] Failed to load resource: net::ERR_CERT_DATE_INVALID @ https://tiy.msccruzeiros.com.br/js/na/na/u/db29a9a21e.js:0
[   75648ms] ReferenceError: KWKUniJS is not defined
    at <anonymous>:1:1
    at https://www.googletagmanager.com/gtm.js?id=GTM-KZRV688&gtm=4e6711:948:429
    at xS (https://www.googletagmanager.com/gtm.js?id=GTM-KZRV688&gtm=4e6711:950:31)
    at Ld.wS (https://www.googletagmanager.com/gtm.js?id=GTM-KZRV688&gtm=4e6711:947:95)
    at Ld.<anonymous> (https://www.googletagmanager.com/gtm.js?id=GTM-KZRV688&gtm=4e6711:353:187)
    at k.apply (https://www.googletagmanager.com/gtm.js?id=GTM-KZRV688&gtm=4e6711:275:465)
    at gb (https://www.googletagmanager.com/gtm.js?id=GTM-KZRV688&gtm=4e6711:237:719)
    at fb (https://www.googletagmanager.com/gtm.js?id=GTM-KZRV688&gtm=4e6711:237:470)
    at Ld.<anonymous> (https://www.googletagmanager.com/gtm.js?id=GTM-KZRV688&gtm=4e6711:299:473)
    at k.apply (https://www.googletagmanager.com/gtm.js?id=GTM-KZRV688&gtm=4e6711:275:465)
[   75854ms] [WARNING] 

⚠️ Your `allowedTags` option includes, `style`, which is inherently
vulnerable to XSS attacks. Please remove it from `allowedTags`.
Or, to disable this warning, add the `allowVulnerableTags` option
and ensure you are accounting for this risk.

 @ https://www.msccruzeiros.com.br/app/js/vendor.CNpzJls-.js:107
[   75855ms] [WARNING] 

⚠️ Your `allowedTags` option includes, `style`, which is inherently
vulnerable to XSS attacks. Please remove it from `allowedTags`.
Or, to disable this warning, add the `allowVulnerableTags` option
and ensure you are accounting for this risk.

 @ https://www.msccruzeiros.com.br/app/js/vendor.CNpzJls-.js:107
[   75855ms] [WARNING] 

⚠️ Your `allowedTags` option includes, `style`, which is inherently
vulnerable to XSS attacks. Please remove it from `allowedTags`.
Or, to disable this warning, add the `allowVulnerableTags` option
and ensure you are accounting for this risk.

 @ https://www.msccruzeiros.com.br/app/js/vendor.CNpzJls-.js:107
[   75855ms] [WARNING] 

⚠️ Your `allowedTags` option includes, `style`, which is inherently
vulnerable to XSS attacks. Please remove it from `allowedTags`.
Or, to disable this warning, add the `allowVulnerableTags` option
and ensure you are accounting for this risk.

 @ https://www.msccruzeiros.com.br/app/js/vendor.CNpzJls-.js:107
[   75855ms] [WARNING] 

⚠️ Your `allowedTags` option includes, `style`, which is inherently
vulnerable to XSS attacks. Please remove it from `allowedTags`.
Or, to disable this warning, add the `allowVulnerableTags` option
and ensure you are accounting for this risk.

 @ https://www.msccruzeiros.com.br/app/js/vendor.CNpzJls-.js:107
[   75856ms] [WARNING] 

⚠️ Your `allowedTags` option includes, `style`, which is inherently
vulnerable to XSS attacks. Please remove it from `allowedTags`.
Or, to disable this warning, add the `allowVulnerableTags` option
and ensure you are accounting for this risk.

 @ https://www.msccruzeiros.com.br/app/js/vendor.CNpzJls-.js:107
[   75857ms] [WARNING] 

⚠️ Your `allowedTags` option includes, `style`, which is inherently
vulnerable to XSS attacks. Please remove it from `allowedTags`.
Or, to disable this warning, add the `allowVulnerableTags` option
and ensure you are accounting for this risk.

 @ https://www.msccruzeiros.com.br/app/js/vendor.CNpzJls-.js:107
[   75858ms] [WARNING] 

⚠️ Your `allowedTags` option includes, `style`, which is inherently
vulnerable to XSS attacks. Please remove it from `allowedTags`.
Or, to disable this warning, add the `allowVulnerableTags` option
and ensure you are accounting for this risk.

 @ https://www.msccruzeiros.com.br/app/js/vendor.CNpzJls-.js:107
[   75858ms] [WARNING] 

⚠️ Your `allowedTags` option includes, `style`, which is inherently
vulnerable to XSS attacks. Please remove it from `allowedTags`.
Or, to disable this warning, add the `allowVulnerableTags` option
and ensure you are accounting for this risk.

 @ https://www.msccruzeiros.com.br/app/js/vendor.CNpzJls-.js:107
[   75858ms] [WARNING] 

⚠️ Your `allowedTags` option includes, `style`, which is inherently
vulnerable to XSS attacks. Please remove it from `allowedTags`.
Or, to disable this warning, add the `allowVulnerableTags` option
and ensure you are accounting for this risk.

 @ https://www.msccruzeiros.com.br/app/js/vendor.CNpzJls-.js:107
[   75858ms] [WARNING] 

⚠️ Your `allowedTags` option includes, `style`, which is inherently
vulnerable to XSS attacks. Please remove it from `allowedTags`.
Or, to disable this warning, add the `allowVulnerableTags` option
and ensure you are accounting for this risk.

 @ https://www.msccruzeiros.com.br/app/js/vendor.CNpzJls-.js:107
[   75858ms] [WARNING] 

⚠️ Your `allowedTags` option includes, `style`, which is inherently
vulnerable to XSS attacks. Please remove it from `allowedTags`.
Or, to disable this warning, add the `allowVulnerableTags` option
and ensure you are accounting for this risk.

 @ https://www.msccruzeiros.com.br/app/js/vendor.CNpzJls-.js:107
[   75859ms] [WARNING] 

⚠️ Your `allowedTags` option includes, `style`, which is inherently
vulnerable to XSS attacks. Please remove it from `allowedTags`.
Or, to disable this warning, add the `allowVulnerableTags` option
and ensure you are accounting for this risk.

 @ https://www.msccruzeiros.com.br/app/js/vendor.CNpzJls-.js:107
[   75860ms] [WARNING] 

⚠️ Your `allowedTags` option includes, `style`, which is inherently
vulnerable to XSS attacks. Please remove it from `allowedTags`.
Or, to disable this warning, add the `allowVulnerableTags` option
and ensure you are accounting for this risk.

 @ https://www.msccruzeiros.com.br/app/js/vendor.CNpzJls-.js:107
[   75860ms] [WARNING] 

⚠️ Your `allowedTags` option includes, `style`, which is inherently
vulnerable to XSS attacks. Please remove it from `allowedTags`.
Or, to disable this warning, add the `allowVulnerableTags` option
and ensure you are accounting for this risk.

 @ https://www.msccruzeiros.com.br/app/js/vendor.CNpzJls-.js:107
[   75861ms] [WARNING] 

⚠️ Your `allowedTags` option includes, `style`, which is inherently
vulnerable to XSS attacks. Please remove it from `allowedTags`.
Or, to disable this warning, add the `allowVulnerableTags` option
and ensure you are accounting for this risk.

 @ https://www.msccruzeiros.com.br/app/js/vendor.CNpzJls-.js:107
[   75861ms] [WARNING] 

⚠️ Your `allowedTags` option includes, `style`, which is inherently
vulnerable to XSS attacks. Please remove it from `allowedTags`.
Or, to disable this warning, add the `allowVulnerableTags` option
and ensure you are accounting for this risk.

 @ https://www.msccruzeiros.com.br/app/js/vendor.CNpzJls-.js:107
[   75861ms] [WARNING] 

⚠️ Your `allowedTags` option includes, `style`, which is inherently
vulnerable to XSS attacks. Please remove it from `allowedTags`.
Or, to disable this warning, add the `allowVulnerableTags` option
and ensure you are accounting for this risk.

 @ https://www.msccruzeiros.com.br/app/js/vendor.CNpzJls-.js:107
[   75861ms] [WARNING] 

⚠️ Your `allowedTags` option includes, `style`, which is inherently
vulnerable to XSS attacks. Please remove it from `allowedTags`.
Or, to disable this warning, add the `allowVulnerableTags` option
and ensure you are accounting for this risk.

 @ https://www.msccruzeiros.com.br/app/js/vendor.CNpzJls-.js:107
[   75861ms] [WARNING] 

⚠️ Your `allowedTags` option includes, `style`, which is inherently
vulnerable to XSS attacks. Please remove it from `allowedTags`.
Or, to disable this warning, add the `allowVulnerableTags` option
and ensure you are accounting for this risk.

 @ https://www.msccruzeiros.com.br/app/js/vendor.CNpzJls-.js:107
[   75862ms] [WARNING] 

⚠️ Your `allowedTags` option includes, `style`, which is inherently
vulnerable to XSS attacks. Please remove it from `allowedTags`.
Or, to disable this warning, add the `allowVulnerableTags` option
and ensure you are accounting for this risk.

 @ https://www.msccruzeiros.com.br/app/js/vendor.CNpzJls-.js:107
[   75863ms] [WARNING] 

⚠️ Your `allowedTags` option includes, `style`, which is inherently
vulnerable to XSS attacks. Please remove it from `allowedTags`.
Or, to disable this warning, add the `allowVulnerableTags` option
and ensure you are accounting for this risk.

 @ https://www.msccruzeiros.com.br/app/js/vendor.CNpzJls-.js:107
[   75863ms] [WARNING] 

⚠️ Your `allowedTags` option includes, `style`, which is inherently
vulnerable to XSS attacks. Please remove it from `allowedTags`.
Or, to disable this warning, add the `allowVulnerableTags` option
and ensure you are accounting for this risk.

 @ https://www.msccruzeiros.com.br/app/js/vendor.CNpzJls-.js:107
[   75863ms] [WARNING] 

⚠️ Your `allowedTags` option includes, `style`, which is inherently
vulnerable to XSS attacks. Please remove it from `allowedTags`.
Or, to disable this warning, add the `allowVulnerableTags` option
and ensure you are accounting for this risk.

 @ https://www.msccruzeiros.com.br/app/js/vendor.CNpzJls-.js:107
[   75863ms] [WARNING] 

⚠️ Your `allowedTags` option includes, `style`, which is inherently
vulnerable to XSS attacks. Please remove it from `allowedTags`.
Or, to disable this warning, add the `allowVulnerableTags` option
and ensure you are accounting for this risk.

 @ https://www.msccruzeiros.com.br/app/js/vendor.CNpzJls-.js:107
[   75863ms] [WARNING] 

⚠️ Your `allowedTags` option includes, `style`, which is inherently
vulnerable to XSS attacks. Please remove it from `allowedTags`.
Or, to disable this warning, add the `allowVulnerableTags` option
and ensure you are accounting for this risk.

 @ https://www.msccruzeiros.com.br/app/js/vendor.CNpzJls-.js:107
[   75864ms] [WARNING] 

⚠️ Your `allowedTags` option includes, `style`, which is inherently
vulnerable to XSS attacks. Please remove it from `allowedTags`.
Or, to disable this warning, add the `allowVulnerableTags` option
and ensure you are accounting for this risk.

 @ https://www.msccruzeiros.com.br/app/js/vendor.CNpzJls-.js:107
[   75864ms] [WARNING] 

⚠️ Your `allowedTags` option includes, `style`, which is inherently
vulnerable to XSS attacks. Please remove it from `allowedTags`.
Or, to disable this warning, add the `allowVulnerableTags` option
and ensure you are accounting for this risk.

 @ https://www.msccruzeiros.com.br/app/js/vendor.CNpzJls-.js:107
[   75865ms] [WARNING] 

⚠️ Your `allowedTags` option includes, `style`, which is inherently
vulnerable to XSS attacks. Please remove it from `allowedTags`.
Or, to disable this warning, add the `allowVulnerableTags` option
and ensure you are accounting for this risk.

 @ https://www.msccruzeiros.com.br/app/js/vendor.CNpzJls-.js:107
[   75865ms] [WARNING] 

⚠️ Your `allowedTags` option includes, `style`, which is inherently
vulnerable to XSS attacks. Please remove it from `allowedTags`.
Or, to disable this warning, add the `allowVulnerableTags` option
and ensure you are accounting for this risk.

 @ https://www.msccruzeiros.com.br/app/js/vendor.CNpzJls-.js:107
[   75865ms] [WARNING] 

⚠️ Your `allowedTags` option includes, `style`, which is inherently
vulnerable to XSS attacks. Please remove it from `allowedTags`.
Or, to disable this warning, add the `allowVulnerableTags` option
and ensure you are accounting for this risk.

 @ https://www.msccruzeiros.com.br/app/js/vendor.CNpzJls-.js:107
[   75865ms] [WARNING] 

⚠️ Your `allowedTags` option includes, `style`, which is inherently
vulnerable to XSS attacks. Please remove it from `allowedTags`.
Or, to disable this warning, add the `allowVulnerableTags` option
and ensure you are accounting for this risk.

 @ https://www.msccruzeiros.com.br/app/js/vendor.CNpzJls-.js:107
[   75865ms] [WARNING] 

⚠️ Your `allowedTags` option includes, `style`, which is inherently
vulnerable to XSS attacks. Please remove it from `allowedTags`.
Or, to disable this warning, add the `allowVulnerableTags` option
and ensure you are accounting for this risk.

 @ https://www.msccruzeiros.com.br/app/js/vendor.CNpzJls-.js:107
[   75866ms] [WARNING] 

⚠️ Your `allowedTags` option includes, `style`, which is inherently
vulnerable to XSS attacks. Please remove it from `allowedTags`.
Or, to disable this warning, add the `allowVulnerableTags` option
and ensure you are accounting for this risk.

 @ https://www.msccruzeiros.com.br/app/js/vendor.CNpzJls-.js:107
[   75866ms] [WARNING] 

⚠️ Your `allowedTags` option includes, `style`, which is inherently
vulnerable to XSS attacks. Please remove it from `allowedTags`.
Or, to disable this warning, add the `allowVulnerableTags` option
and ensure you are accounting for this risk.

 @ https://www.msccruzeiros.com.br/app/js/vendor.CNpzJls-.js:107
[   75867ms] [WARNING] 

⚠️ Your `allowedTags` option includes, `style`, which is inherently
vulnerable to XSS attacks. Please remove it from `allowedTags`.
Or, to disable this warning, add the `allowVulnerableTags` option
and ensure you are accounting for this risk.

 @ https://www.msccruzeiros.com.br/app/js/vendor.CNpzJls-.js:107
[   75867ms] [WARNING] 

⚠️ Your `allowedTags` option includes, `style`, which is inherently
vulnerable to XSS attacks. Please remove it from `allowedTags`.
Or, to disable this warning, add the `allowVulnerableTags` option
and ensure you are accounting for this risk.

 @ https://www.msccruzeiros.com.br/app/js/vendor.CNpzJls-.js:107
[   75867ms] [WARNING] 

⚠️ Your `allowedTags` option includes, `style`, which is inherently
vulnerable to XSS attacks. Please remove it from `allowedTags`.
Or, to disable this warning, add the `allowVulnerableTags` option
and ensure you are accounting for this risk.

 @ https://www.msccruzeiros.com.br/app/js/vendor.CNpzJls-.js:107
[   75868ms] [WARNING] 

⚠️ Your `allowedTags` option includes, `style`, which is inherently
vulnerable to XSS attacks. Please remove it from `allowedTags`.
Or, to disable this warning, add the `allowVulnerableTags` option
and ensure you are accounting for this risk.

 @ https://www.msccruzeiros.com.br/app/js/vendor.CNpzJls-.js:107
[   75868ms] [WARNING] 

⚠️ Your `allowedTags` option includes, `style`, which is inherently
vulnerable to XSS attacks. Please remove it from `allowedTags`.
Or, to disable this warning, add the `allowVulnerableTags` option
and ensure you are accounting for this risk.

 @ https://www.msccruzeiros.com.br/app/js/vendor.CNpzJls-.js:107
[   75868ms] [WARNING] 

⚠️ Your `allowedTags` option includes, `style`, which is inherently
vulnerable to XSS attacks. Please remove it from `allowedTags`.
Or, to disable this warning, add the `allowVulnerableTags` option
and ensure you are accounting for this risk.

 @ https://www.msccruzeiros.com.br/app/js/vendor.CNpzJls-.js:107
[   75869ms] [WARNING] 

⚠️ Your `allowedTags` option includes, `style`, which is inherently
vulnerable to XSS attacks. Please remove it from `allowedTags`.
Or, to disable this warning, add the `allowVulnerableTags` option
and ensure you are accounting for this risk.

 @ https://www.msccruzeiros.com.br/app/js/vendor.CNpzJls-.js:107
[   75870ms] [WARNING] 

⚠️ Your `allowedTags` option includes, `style`, which is inherently
vulnerable to XSS attacks. Please remove it from `allowedTags`.
Or, to disable this warning, add the `allowVulnerableTags` option
and ensure you are accounting for this risk.

 @ https://www.msccruzeiros.com.br/app/js/vendor.CNpzJls-.js:107
[   75870ms] [WARNING] 

⚠️ Your `allowedTags` option includes, `style`, which is inherently
vulnerable to XSS attacks. Please remove it from `allowedTags`.
Or, to disable this warning, add the `allowVulnerableTags` option
and ensure you are accounting for this risk.

 @ https://www.msccruzeiros.com.br/app/js/vendor.CNpzJls-.js:107
[   75870ms] [WARNING] 

⚠️ Your `allowedTags` option includes, `style`, which is inherently
vulnerable to XSS attacks. Please remove it from `allowedTags`.
Or, to disable this warning, add the `allowVulnerableTags` option
and ensure you are accounting for this risk.

 @ https://www.msccruzeiros.com.br/app/js/vendor.CNpzJls-.js:107
[   75870ms] [WARNING] 

⚠️ Your `allowedTags` option includes, `style`, which is inherently
vulnerable to XSS attacks. Please remove it from `allowedTags`.
Or, to disable this warning, add the `allowVulnerableTags` option
and ensure you are accounting for this risk.

 @ https://www.msccruzeiros.com.br/app/js/vendor.CNpzJls-.js:107
[   75870ms] [WARNING] 

⚠️ Your `allowedTags` option includes, `style`, which is inherently
vulnerable to XSS attacks. Please remove it from `allowedTags`.
Or, to disable this warning, add the `allowVulnerableTags` option
and ensure you are accounting for this risk.

 @ https://www.msccruzeiros.com.br/app/js/vendor.CNpzJls-.js:107
[   75870ms] [WARNING] 

⚠️ Your `allowedTags` option includes, `style`, which is inherently
vulnerable to XSS attacks. Please remove it from `allowedTags`.
Or, to disable this warning, add the `allowVulnerableTags` option
and ensure you are accounting for this risk.

 @ https://www.msccruzeiros.com.br/app/js/vendor.CNpzJls-.js:107
[   75870ms] [WARNING] 

⚠️ Your `allowedTags` option includes, `style`, which is inherently
vulnerable to XSS attacks. Please remove it from `allowedTags`.
Or, to disable this warning, add the `allowVulnerableTags` option
and ensure you are accounting for this risk.

 @ https://www.msccruzeiros.com.br/app/js/vendor.CNpzJls-.js:107
[   75871ms] [WARNING] 

⚠️ Your `allowedTags` option includes, `style`, which is inherently
vulnerable to XSS attacks. Please remove it from `allowedTags`.
Or, to disable this warning, add the `allowVulnerableTags` option
and ensure you are accounting for this risk.

 @ https://www.msccruzeiros.com.br/app/js/vendor.CNpzJls-.js:107
[   75872ms] [WARNING] 

⚠️ Your `allowedTags` option includes, `style`, which is inherently
vulnerable to XSS attacks. Please remove it from `allowedTags`.
Or, to disable this warning, add the `allowVulnerableTags` option
and ensure you are accounting for this risk.

 @ https://www.msccruzeiros.com.br/app/js/vendor.CNpzJls-.js:107
[   75872ms] [WARNING] 

⚠️ Your `allowedTags` option includes, `style`, which is inherently
vulnerable to XSS attacks. Please remove it from `allowedTags`.
Or, to disable this warning, add the `allowVulnerableTags` option
and ensure you are accounting for this risk.

 @ https://www.msccruzeiros.com.br/app/js/vendor.CNpzJls-.js:107
[   75872ms] [WARNING] 

⚠️ Your `allowedTags` option includes, `style`, which is inherently
vulnerable to XSS attacks. Please remove it from `allowedTags`.
Or, to disable this warning, add the `allowVulnerableTags` option
and ensure you are accounting for this risk.

 @ https://www.msccruzeiros.com.br/app/js/vendor.CNpzJls-.js:107
[   75872ms] [WARNING] 

⚠️ Your `allowedTags` option includes, `style`, which is inherently
vulnerable to XSS attacks. Please remove it from `allowedTags`.
Or, to disable this warning, add the `allowVulnerableTags` option
and ensure you are accounting for this risk.

 @ https://www.msccruzeiros.com.br/app/js/vendor.CNpzJls-.js:107
[   75872ms] [WARNING] 

⚠️ Your `allowedTags` option includes, `style`, which is inherently
vulnerable to XSS attacks. Please remove it from `allowedTags`.
Or, to disable this warning, add the `allowVulnerableTags` option
and ensure you are accounting for this risk.

 @ https://www.msccruzeiros.com.br/app/js/vendor.CNpzJls-.js:107
[   75872ms] [WARNING] 

⚠️ Your `allowedTags` option includes, `style`, which is inherently
vulnerable to XSS attacks. Please remove it from `allowedTags`.
Or, to disable this warning, add the `allowVulnerableTags` option
and ensure you are accounting for this risk.

 @ https://www.msccruzeiros.com.br/app/js/vendor.CNpzJls-.js:107
[   75873ms] [WARNING] 

⚠️ Your `allowedTags` option includes, `style`, which is inherently
vulnerable to XSS attacks. Please remove it from `allowedTags`.
Or, to disable this warning, add the `allowVulnerableTags` option
and ensure you are accounting for this risk.

 @ https://www.msccruzeiros.com.br/app/js/vendor.CNpzJls-.js:107
[   88747ms] [ERROR] Failed to load resource: net::ERR_CERT_DATE_INVALID @ https://tiy.msccruzeiros.com.br/js/na/na/u/db29a9a21e.js:0
[   88751ms] ReferenceError: KWKUniJS is not defined
    at <anonymous>:1:1
    at https://www.googletagmanager.com/gtm.js?id=GTM-KZRV688&gtm=4e6711:948:429
    at xS (https://www.googletagmanager.com/gtm.js?id=GTM-KZRV688&gtm=4e6711:950:31)
    at Ld.wS (https://www.googletagmanager.com/gtm.js?id=GTM-KZRV688&gtm=4e6711:947:95)
    at Ld.<anonymous> (https://www.googletagmanager.com/gtm.js?id=GTM-KZRV688&gtm=4e6711:353:187)
    at k.apply (https://www.googletagmanager.com/gtm.js?id=GTM-KZRV688&gtm=4e6711:275:465)
    at gb (https://www.googletagmanager.com/gtm.js?id=GTM-KZRV688&gtm=4e6711:237:719)
    at fb (https://www.googletagmanager.com/gtm.js?id=GTM-KZRV688&gtm=4e6711:237:470)
    at Ld.<anonymous> (https://www.googletagmanager.com/gtm.js?id=GTM-KZRV688&gtm=4e6711:299:473)
    at k.apply (https://www.googletagmanager.com/gtm.js?id=GTM-KZRV688&gtm=4e6711:275:465)
[   88807ms] [WARNING] 

⚠️ Your `allowedTags` option includes, `style`, which is inherently
vulnerable to XSS attacks. Please remove it from `allowedTags`.
Or, to disable this warning, add the `allowVulnerableTags` option
and ensure you are accounting for this risk.

 @ https://www.msccruzeiros.com.br/app/js/vendor.CNpzJls-.js:107
[   88807ms] [WARNING] 

⚠️ Your `allowedTags` option includes, `style`, which is inherently
vulnerable to XSS attacks. Please remove it from `allowedTags`.
Or, to disable this warning, add the `allowVulnerableTags` option
and ensure you are accounting for this risk.

 @ https://www.msccruzeiros.com.br/app/js/vendor.CNpzJls-.js:107
[   88807ms] [WARNING] 

⚠️ Your `allowedTags` option includes, `style`, which is inherently
vulnerable to XSS attacks. Please remove it from `allowedTags`.
Or, to disable this warning, add the `allowVulnerableTags` option
and ensure you are accounting for this risk.

 @ https://www.msccruzeiros.com.br/app/js/vendor.CNpzJls-.js:107
[   88808ms] [WARNING] 

⚠️ Your `allowedTags` option includes, `style`, which is inherently
vulnerable to XSS attacks. Please remove it from `allowedTags`.
Or, to disable this warning, add the `allowVulnerableTags` option
and ensure you are accounting for this risk.

 @ https://www.msccruzeiros.com.br/app/js/vendor.CNpzJls-.js:107
[   88808ms] [WARNING] 

⚠️ Your `allowedTags` option includes, `style`, which is inherently
vulnerable to XSS attacks. Please remove it from `allowedTags`.
Or, to disable this warning, add the `allowVulnerableTags` option
and ensure you are accounting for this risk.

 @ https://www.msccruzeiros.com.br/app/js/vendor.CNpzJls-.js:107
[   88808ms] [WARNING] 

⚠️ Your `allowedTags` option includes, `style`, which is inherently
vulnerable to XSS attacks. Please remove it from `allowedTags`.
Or, to disable this warning, add the `allowVulnerableTags` option
and ensure you are accounting for this risk.

 @ https://www.msccruzeiros.com.br/app/js/vendor.CNpzJls-.js:107
[   88809ms] [WARNING] 

⚠️ Your `allowedTags` option includes, `style`, which is inherently
vulnerable to XSS attacks. Please remove it from `allowedTags`.
Or, to disable this warning, add the `allowVulnerableTags` option
and ensure you are accounting for this risk.

 @ https://www.msccruzeiros.com.br/app/js/vendor.CNpzJls-.js:107
[   96892ms] [WARNING] The resource https://try.abtasty.com/shared/jquery.5434730a34a3135b52f6.js was preloaded using link preload but not used within a few seconds from the window's load event. Please make sure it has an appropriate `as` value and it is preloaded intentionally. @ https://www.msccruzeiros.com.br/ofertas/3-e-4-hospedes-viajam-gratis?utm_source=google&utm_medium=cpc&utm_campaign=77_br_bra_search_google_conv_52_brand_terms_broad&utm_content=77_br_bra_search_google_conv_52_brand_terms_phrase_ship_armonia&utm_term=msc+armonia&gad_source=1&gad_campaignid=20707414525&gbraid=0AAAAAD5vwAIsm9pGEBoSevjwgAfmxrIJh&gclid=EAIaIQobChMIn-XdsvDAlQMVyE5IAB0v7QWaEAAYASAAEgKbcvD_BwE&departureDateFrom=21%2F12%2F2026&departureDateTo=21%2F12%2F2026&passengers=2%7C0%7C0%7C0&area=SOA&embkPort=SSZ:0
[  100432ms] [WARNING] The resource https://try.abtasty.com/shared/jquery.5434730a34a3135b52f6.js was preloaded using link preload but not used within a few seconds from the window's load event. Please make sure it has an appropriate `as` value and it is preloaded intentionally. @ https://www.msccruzeiros.com.br/ofertas/3-e-4-hospedes-viajam-gratis?utm_source=google&utm_medium=cpc&utm_campaign=77_br_bra_search_google_conv_52_brand_terms_broad&utm_content=77_br_bra_search_google_conv_52_brand_terms_phrase_ship_armonia&utm_term=msc+armonia&gad_source=1&gad_campaignid=20707414525&gbraid=0AAAAAD5vwAIsm9pGEBoSevjwgAfmxrIJh&gclid=EAIaIQobChMIn-XdsvDAlQMVyE5IAB0v7QWaEAAYASAAEgKbcvD_BwE&departureDateFrom=21%2F12%2F2026&departureDateTo=21%2F12%2F2026&passengers=2%7C0%7C0%7C0&area=SOA&embkPort=SSZ:0
[  101195ms] [WARNING] 

⚠️ Your `allowedTags` option includes, `style`, which is inherently
vulnerable to XSS attacks. Please remove it from `allowedTags`.
Or, to disable this warning, add the `allowVulnerableTags` option
and ensure you are accounting for this risk.

 @ https://www.msccruzeiros.com.br/app/js/vendor.CNpzJls-.js:107
[  101195ms] [WARNING] 

⚠️ Your `allowedTags` option includes, `style`, which is inherently
vulnerable to XSS attacks. Please remove it from `allowedTags`.
Or, to disable this warning, add the `allowVulnerableTags` option
and ensure you are accounting for this risk.

 @ https://www.msccruzeiros.com.br/app/js/vendor.CNpzJls-.js:107
[  101195ms] [WARNING] 

⚠️ Your `allowedTags` option includes, `style`, which is inherently
vulnerable to XSS attacks. Please remove it from `allowedTags`.
Or, to disable this warning, add the `allowVulnerableTags` option
and ensure you are accounting for this risk.

 @ https://www.msccruzeiros.com.br/app/js/vendor.CNpzJls-.js:107
[  101535ms] [WARNING] 

⚠️ Your `allowedTags` option includes, `style`, which is inherently
vulnerable to XSS attacks. Please remove it from `allowedTags`.
Or, to disable this warning, add the `allowVulnerableTags` option
and ensure you are accounting for this risk.

 @ https://www.msccruzeiros.com.br/app/js/vendor.CNpzJls-.js:107
[  101535ms] [WARNING] 

⚠️ Your `allowedTags` option includes, `style`, which is inherently
vulnerable to XSS attacks. Please remove it from `allowedTags`.
Or, to disable this warning, add the `allowVulnerableTags` option
and ensure you are accounting for this risk.

 @ https://www.msccruzeiros.com.br/app/js/vendor.CNpzJls-.js:107
[  101536ms] [WARNING] 

⚠️ Your `allowedTags` option includes, `style`, which is inherently
vulnerable to XSS attacks. Please remove it from `allowedTags`.
Or, to disable this warning, add the `allowVulnerableTags` option
and ensure you are accounting for this risk.

 @ https://www.msccruzeiros.com.br/app/js/vendor.CNpzJls-.js:107
[  101536ms] [WARNING] 

⚠️ Your `allowedTags` option includes, `style`, which is inherently
vulnerable to XSS attacks. Please remove it from `allowedTags`.
Or, to disable this warning, add the `allowVulnerableTags` option
and ensure you are accounting for this risk.

 @ https://www.msccruzeiros.com.br/app/js/vendor.CNpzJls-.js:107
[  120600ms] [WARNING] 

⚠️ Your `allowedTags` option includes, `style`, which is inherently
vulnerable to XSS attacks. Please remove it from `allowedTags`.
Or, to disable this warning, add the `allowVulnerableTags` option
and ensure you are accounting for this risk.

 @ https://www.msccruzeiros.com.br/app/js/vendor.CNpzJls-.js:107
[  120600ms] [WARNING] 

⚠️ Your `allowedTags` option includes, `style`, which is inherently
vulnerable to XSS attacks. Please remove it from `allowedTags`.
Or, to disable this warning, add the `allowVulnerableTags` option
and ensure you are accounting for this risk.

 @ https://www.msccruzeiros.com.br/app/js/vendor.CNpzJls-.js:107
[  120601ms] [WARNING] 

⚠️ Your `allowedTags` option includes, `style`, which is inherently
vulnerable to XSS attacks. Please remove it from `allowedTags`.
Or, to disable this warning, add the `allowVulnerableTags` option
and ensure you are accounting for this risk.

 @ https://www.msccruzeiros.com.br/app/js/vendor.CNpzJls-.js:107
[  120601ms] [WARNING] 

⚠️ Your `allowedTags` option includes, `style`, which is inherently
vulnerable to XSS attacks. Please remove it from `allowedTags`.
Or, to disable this warning, add the `allowVulnerableTags` option
and ensure you are accounting for this risk.

 @ https://www.msccruzeiros.com.br/app/js/vendor.CNpzJls-.js:107
[  120601ms] [WARNING] 

⚠️ Your `allowedTags` option includes, `style`, which is inherently
vulnerable to XSS attacks. Please remove it from `allowedTags`.
Or, to disable this warning, add the `allowVulnerableTags` option
and ensure you are accounting for this risk.

 @ https://www.msccruzeiros.com.br/app/js/vendor.CNpzJls-.js:107
[  120601ms] [WARNING] 

⚠️ Your `allowedTags` option includes, `style`, which is inherently
vulnerable to XSS attacks. Please remove it from `allowedTags`.
Or, to disable this warning, add the `allowVulnerableTags` option
and ensure you are accounting for this risk.

 @ https://www.msccruzeiros.com.br/app/js/vendor.CNpzJls-.js:107
[  120601ms] [WARNING] 

⚠️ Your `allowedTags` option includes, `style`, which is inherently
vulnerable to XSS attacks. Please remove it from `allowedTags`.
Or, to disable this warning, add the `allowVulnerableTags` option
and ensure you are accounting for this risk.

 @ https://www.msccruzeiros.com.br/app/js/vendor.CNpzJls-.js:107
[  120602ms] [WARNING] 

⚠️ Your `allowedTags` option includes, `style`, which is inherently
vulnerable to XSS attacks. Please remove it from `allowedTags`.
Or, to disable this warning, add the `allowVulnerableTags` option
and ensure you are accounting for this risk.

 @ https://www.msccruzeiros.com.br/app/js/vendor.CNpzJls-.js:107
[  121307ms] [ERROR] Failed to load resource: net::ERR_CERT_DATE_INVALID @ https://tiy.msccruzeiros.com.br/js/na/na/u/db29a9a21e.js:0
[  121313ms] ReferenceError: KWKUniJS is not defined
    at <anonymous>:1:1
    at https://www.googletagmanager.com/gtm.js?id=GTM-KZRV688&gtm=4e6711:948:429
    at xS (https://www.googletagmanager.com/gtm.js?id=GTM-KZRV688&gtm=4e6711:950:31)
    at Ld.wS (https://www.googletagmanager.com/gtm.js?id=GTM-KZRV688&gtm=4e6711:947:95)
    at Ld.<anonymous> (https://www.googletagmanager.com/gtm.js?id=GTM-KZRV688&gtm=4e6711:353:187)
    at k.apply (https://www.googletagmanager.com/gtm.js?id=GTM-KZRV688&gtm=4e6711:275:465)
    at gb (https://www.googletagmanager.com/gtm.js?id=GTM-KZRV688&gtm=4e6711:237:719)
    at fb (https://www.googletagmanager.com/gtm.js?id=GTM-KZRV688&gtm=4e6711:237:470)
    at Ld.<anonymous> (https://www.googletagmanager.com/gtm.js?id=GTM-KZRV688&gtm=4e6711:299:473)
    at k.apply (https://www.googletagmanager.com/gtm.js?id=GTM-KZRV688&gtm=4e6711:275:465)
[  126989ms] [WARNING] 

⚠️ Your `allowedTags` option includes, `style`, which is inherently
vulnerable to XSS attacks. Please remove it from `allowedTags`.
Or, to disable this warning, add the `allowVulnerableTags` option
and ensure you are accounting for this risk.

 @ https://www.msccruzeiros.com.br/app/js/vendor.CNpzJls-.js:107
[  126989ms] [WARNING] 

⚠️ Your `allowedTags` option includes, `style`, which is inherently
vulnerable to XSS attacks. Please remove it from `allowedTags`.
Or, to disable this warning, add the `allowVulnerableTags` option
and ensure you are accounting for this risk.

 @ https://www.msccruzeiros.com.br/app/js/vendor.CNpzJls-.js:107
[  126989ms] [WARNING] 

⚠️ Your `allowedTags` option includes, `style`, which is inherently
vulnerable to XSS attacks. Please remove it from `allowedTags`.
Or, to disable this warning, add the `allowVulnerableTags` option
and ensure you are accounting for this risk.

 @ https://www.msccruzeiros.com.br/app/js/vendor.CNpzJls-.js:107
[  126989ms] [WARNING] 

⚠️ Your `allowedTags` option includes, `style`, which is inherently
vulnerable to XSS attacks. Please remove it from `allowedTags`.
Or, to disable this warning, add the `allowVulnerableTags` option
and ensure you are accounting for this risk.

 @ https://www.msccruzeiros.com.br/app/js/vendor.CNpzJls-.js:107
[  126989ms] [WARNING] 

⚠️ Your `allowedTags` option includes, `style`, which is inherently
vulnerable to XSS attacks. Please remove it from `allowedTags`.
Or, to disable this warning, add the `allowVulnerableTags` option
and ensure you are accounting for this risk.

 @ https://www.msccruzeiros.com.br/app/js/vendor.CNpzJls-.js:107
[  126990ms] [WARNING] 

⚠️ Your `allowedTags` option includes, `style`, which is inherently
vulnerable to XSS attacks. Please remove it from `allowedTags`.
Or, to disable this warning, add the `allowVulnerableTags` option
and ensure you are accounting for this risk.

 @ https://www.msccruzeiros.com.br/app/js/vendor.CNpzJls-.js:107
[  126991ms] [WARNING] 

⚠️ Your `allowedTags` option includes, `style`, which is inherently
vulnerable to XSS attacks. Please remove it from `allowedTags`.
Or, to disable this warning, add the `allowVulnerableTags` option
and ensure you are accounting for this risk.

 @ https://www.msccruzeiros.com.br/app/js/vendor.CNpzJls-.js:107
[  127192ms] [ERROR] Failed to load resource: net::ERR_CERT_DATE_INVALID @ https://tiy.msccruzeiros.com.br/js/na/na/u/db29a9a21e.js:0
[  127268ms] ReferenceError: KWKUniJS is not defined
    at <anonymous>:1:1
    at https://www.googletagmanager.com/gtm.js?id=GTM-KZRV688&gtm=4e6711:948:429
    at xS (https://www.googletagmanager.com/gtm.js?id=GTM-KZRV688&gtm=4e6711:950:31)
    at Ld.wS (https://www.googletagmanager.com/gtm.js?id=GTM-KZRV688&gtm=4e6711:947:95)
    at Ld.<anonymous> (https://www.googletagmanager.com/gtm.js?id=GTM-KZRV688&gtm=4e6711:353:187)
    at k.apply (https://www.googletagmanager.com/gtm.js?id=GTM-KZRV688&gtm=4e6711:275:465)
    at gb (https://www.googletagmanager.com/gtm.js?id=GTM-KZRV688&gtm=4e6711:237:719)
    at fb (https://www.googletagmanager.com/gtm.js?id=GTM-KZRV688&gtm=4e6711:237:470)
    at Ld.<anonymous> (https://www.googletagmanager.com/gtm.js?id=GTM-KZRV688&gtm=4e6711:299:473)
    at k.apply (https://www.googletagmanager.com/gtm.js?id=GTM-KZRV688&gtm=4e6711:275:465)
[  134602ms] [WARNING] 

⚠️ Your `allowedTags` option includes, `style`, which is inherently
vulnerable to XSS attacks. Please remove it from `allowedTags`.
Or, to disable this warning, add the `allowVulnerableTags` option
and ensure you are accounting for this risk.

 @ https://www.msccruzeiros.com.br/app/js/vendor.CNpzJls-.js:107
[  134602ms] [WARNING] Automation property automation-value is null or empty JSHandle@node @ https://www.msccruzeiros.com.br/app/js/automation-id-directive.CiCfc1vE.js:0
[  134602ms] [WARNING] Automation property automation-value is null or empty JSHandle@node @ https://www.msccruzeiros.com.br/app/js/automation-id-directive.CiCfc1vE.js:0
[  134602ms] [WARNING] Automation property automation-value is null or empty JSHandle@node @ https://www.msccruzeiros.com.br/app/js/automation-id-directive.CiCfc1vE.js:0
[  134602ms] [WARNING] Automation property automation-value is null or empty JSHandle@node @ https://www.msccruzeiros.com.br/app/js/automation-id-directive.CiCfc1vE.js:0
[  134603ms] [WARNING] Automation property automation-value is null or empty JSHandle@node @ https://www.msccruzeiros.com.br/app/js/automation-id-directive.CiCfc1vE.js:0
[  134603ms] [WARNING] Automation property automation-value is null or empty JSHandle@node @ https://www.msccruzeiros.com.br/app/js/automation-id-directive.CiCfc1vE.js:0
[  134603ms] [WARNING] Automation property automation-value is null or empty JSHandle@node @ https://www.msccruzeiros.com.br/app/js/automation-id-directive.CiCfc1vE.js:0
[  134603ms] [WARNING] Automation property automation-value is null or empty JSHandle@node @ https://www.msccruzeiros.com.br/app/js/automation-id-directive.CiCfc1vE.js:0
[  134603ms] [WARNING] Automation property automation-value is null or empty JSHandle@node @ https://www.msccruzeiros.com.br/app/js/automation-id-directive.CiCfc1vE.js:0
[  134603ms] [WARNING] Automation property automation-value is null or empty JSHandle@node @ https://www.msccruzeiros.com.br/app/js/automation-id-directive.CiCfc1vE.js:0
[  134603ms] [WARNING] Automation property automation-value is null or empty JSHandle@node @ https://www.msccruzeiros.com.br/app/js/automation-id-directive.CiCfc1vE.js:0
[  144758ms] [WARNING] 

⚠️ Your `allowedTags` option includes, `style`, which is inherently
vulnerable to XSS attacks. Please remove it from `allowedTags`.
Or, to disable this warning, add the `allowVulnerableTags` option
and ensure you are accounting for this risk.

 @ https://www.msccruzeiros.com.br/app/js/vendor.CNpzJls-.js:107
[  144759ms] [WARNING] Automation property automation-value is null or empty JSHandle@node @ https://www.msccruzeiros.com.br/app/js/automation-id-directive.CiCfc1vE.js:0
[  144759ms] [WARNING] Automation property automation-value is null or empty JSHandle@node @ https://www.msccruzeiros.com.br/app/js/automation-id-directive.CiCfc1vE.js:0
[  144759ms] [WARNING] Automation property automation-value is null or empty JSHandle@node @ https://www.msccruzeiros.com.br/app/js/automation-id-directive.CiCfc1vE.js:0
[  144759ms] [WARNING] Automation property automation-value is null or empty JSHandle@node @ https://www.msccruzeiros.com.br/app/js/automation-id-directive.CiCfc1vE.js:0
[  144759ms] [WARNING] Automation property automation-value is null or empty JSHandle@node @ https://www.msccruzeiros.com.br/app/js/automation-id-directive.CiCfc1vE.js:0
[  144759ms] [WARNING] Automation property automation-value is null or empty JSHandle@node @ https://www.msccruzeiros.com.br/app/js/automation-id-directive.CiCfc1vE.js:0
[  144759ms] [WARNING] Automation property automation-value is null or empty JSHandle@node @ https://www.msccruzeiros.com.br/app/js/automation-id-directive.CiCfc1vE.js:0
[  144759ms] [WARNING] Automation property automation-value is null or empty JSHandle@node @ https://www.msccruzeiros.com.br/app/js/automation-id-directive.CiCfc1vE.js:0
[  144759ms] [WARNING] Automation property automation-value is null or empty JSHandle@node @ https://www.msccruzeiros.com.br/app/js/automation-id-directive.CiCfc1vE.js:0
[  144759ms] [WARNING] Automation property automation-value is null or empty JSHandle@node @ https://www.msccruzeiros.com.br/app/js/automation-id-directive.CiCfc1vE.js:0
[  144759ms] [WARNING] Automation property automation-value is null or empty JSHandle@node @ https://www.msccruzeiros.com.br/app/js/automation-id-directive.CiCfc1vE.js:0
[  147251ms] [WARNING] 

⚠️ Your `allowedTags` option includes, `style`, which is inherently
vulnerable to XSS attacks. Please remove it from `allowedTags`.
Or, to disable this warning, add the `allowVulnerableTags` option
and ensure you are accounting for this risk.

 @ https://www.msccruzeiros.com.br/app/js/vendor.CNpzJls-.js:107
[  147251ms] [WARNING] 

⚠️ Your `allowedTags` option includes, `style`, which is inherently
vulnerable to XSS attacks. Please remove it from `allowedTags`.
Or, to disable this warning, add the `allowVulnerableTags` option
and ensure you are accounting for this risk.

 @ https://www.msccruzeiros.com.br/app/js/vendor.CNpzJls-.js:107
[  147251ms] [WARNING] 

⚠️ Your `allowedTags` option includes, `style`, which is inherently
vulnerable to XSS attacks. Please remove it from `allowedTags`.
Or, to disable this warning, add the `allowVulnerableTags` option
and ensure you are accounting for this risk.

 @ https://www.msccruzeiros.com.br/app/js/vendor.CNpzJls-.js:107
[  147251ms] [WARNING] 

⚠️ Your `allowedTags` option includes, `style`, which is inherently
vulnerable to XSS attacks. Please remove it from `allowedTags`.
Or, to disable this warning, add the `allowVulnerableTags` option
and ensure you are accounting for this risk.

 @ https://www.msccruzeiros.com.br/app/js/vendor.CNpzJls-.js:107
[  147252ms] [WARNING] 

⚠️ Your `allowedTags` option includes, `style`, which is inherently
vulnerable to XSS attacks. Please remove it from `allowedTags`.
Or, to disable this warning, add the `allowVulnerableTags` option
and ensure you are accounting for this risk.

 @ https://www.msccruzeiros.com.br/app/js/vendor.CNpzJls-.js:107
[  147252ms] [WARNING] 

⚠️ Your `allowedTags` option includes, `style`, which is inherently
vulnerable to XSS attacks. Please remove it from `allowedTags`.
Or, to disable this warning, add the `allowVulnerableTags` option
and ensure you are accounting for this risk.

 @ https://www.msccruzeiros.com.br/app/js/vendor.CNpzJls-.js:107
[  147254ms] [WARNING] 

⚠️ Your `allowedTags` option includes, `style`, which is inherently
vulnerable to XSS attacks. Please remove it from `allowedTags`.
Or, to disable this warning, add the `allowVulnerableTags` option
and ensure you are accounting for this risk.

 @ https://www.msccruzeiros.com.br/app/js/vendor.CNpzJls-.js:107
[  147256ms] [WARNING] 

⚠️ Your `allowedTags` option includes, `style`, which is inherently
vulnerable to XSS attacks. Please remove it from `allowedTags`.
Or, to disable this warning, add the `allowVulnerableTags` option
and ensure you are accounting for this risk.

 @ https://www.msccruzeiros.com.br/app/js/vendor.CNpzJls-.js:107
[  147257ms] [WARNING] 

⚠️ Your `allowedTags` option includes, `style`, which is inherently
vulnerable to XSS attacks. Please remove it from `allowedTags`.
Or, to disable this warning, add the `allowVulnerableTags` option
and ensure you are accounting for this risk.

 @ https://www.msccruzeiros.com.br/app/js/vendor.CNpzJls-.js:107
[  147257ms] [WARNING] 

⚠️ Your `allowedTags` option includes, `style`, which is inherently
vulnerable to XSS attacks. Please remove it from `allowedTags`.
Or, to disable this warning, add the `allowVulnerableTags` option
and ensure you are accounting for this risk.

 @ https://www.msccruzeiros.com.br/app/js/vendor.CNpzJls-.js:107
[  147257ms] [WARNING] 

⚠️ Your `allowedTags` option includes, `style`, which is inherently
vulnerable to XSS attacks. Please remove it from `allowedTags`.
Or, to disable this warning, add the `allowVulnerableTags` option
and ensure you are accounting for this risk.

 @ https://www.msccruzeiros.com.br/app/js/vendor.CNpzJls-.js:107
[  147257ms] [WARNING] 

⚠️ Your `allowedTags` option includes, `style`, which is inherently
vulnerable to XSS attacks. Please remove it from `allowedTags`.
Or, to disable this warning, add the `allowVulnerableTags` option
and ensure you are accounting for this risk.

 @ https://www.msccruzeiros.com.br/app/js/vendor.CNpzJls-.js:107
[  147257ms] [WARNING] 

⚠️ Your `allowedTags` option includes, `style`, which is inherently
vulnerable to XSS attacks. Please remove it from `allowedTags`.
Or, to disable this warning, add the `allowVulnerableTags` option
and ensure you are accounting for this risk.

 @ https://www.msccruzeiros.com.br/app/js/vendor.CNpzJls-.js:107
[  147259ms] [WARNING] 

⚠️ Your `allowedTags` option includes, `style`, which is inherently
vulnerable to XSS attacks. Please remove it from `allowedTags`.
Or, to disable this warning, add the `allowVulnerableTags` option
and ensure you are accounting for this risk.

 @ https://www.msccruzeiros.com.br/app/js/vendor.CNpzJls-.js:107
[  147260ms] [WARNING] 

⚠️ Your `allowedTags` option includes, `style`, which is inherently
vulnerable to XSS attacks. Please remove it from `allowedTags`.
Or, to disable this warning, add the `allowVulnerableTags` option
and ensure you are accounting for this risk.

 @ https://www.msccruzeiros.com.br/app/js/vendor.CNpzJls-.js:107
[  147260ms] [WARNING] 

⚠️ Your `allowedTags` option includes, `style`, which is inherently
vulnerable to XSS attacks. Please remove it from `allowedTags`.
Or, to disable this warning, add the `allowVulnerableTags` option
and ensure you are accounting for this risk.

 @ https://www.msccruzeiros.com.br/app/js/vendor.CNpzJls-.js:107
[  147260ms] [WARNING] 

⚠️ Your `allowedTags` option includes, `style`, which is inherently
vulnerable to XSS attacks. Please remove it from `allowedTags`.
Or, to disable this warning, add the `allowVulnerableTags` option
and ensure you are accounting for this risk.

 @ https://www.msccruzeiros.com.br/app/js/vendor.CNpzJls-.js:107
[  147260ms] [WARNING] 

⚠️ Your `allowedTags` option includes, `style`, which is inherently
vulnerable to XSS attacks. Please remove it from `allowedTags`.
Or, to disable this warning, add the `allowVulnerableTags` option
and ensure you are accounting for this risk.

 @ https://www.msccruzeiros.com.br/app/js/vendor.CNpzJls-.js:107
[  147260ms] [WARNING] 

⚠️ Your `allowedTags` option includes, `style`, which is inherently
vulnerable to XSS attacks. Please remove it from `allowedTags`.
Or, to disable this warning, add the `allowVulnerableTags` option
and ensure you are accounting for this risk.

 @ https://www.msccruzeiros.com.br/app/js/vendor.CNpzJls-.js:107
[  147260ms] [WARNING] 

⚠️ Your `allowedTags` option includes, `style`, which is inherently
vulnerable to XSS attacks. Please remove it from `allowedTags`.
Or, to disable this warning, add the `allowVulnerableTags` option
and ensure you are accounting for this risk.

 @ https://www.msccruzeiros.com.br/app/js/vendor.CNpzJls-.js:107
[  147262ms] [WARNING] 

⚠️ Your `allowedTags` option includes, `style`, which is inherently
vulnerable to XSS attacks. Please remove it from `allowedTags`.
Or, to disable this warning, add the `allowVulnerableTags` option
and ensure you are accounting for this risk.

 @ https://www.msccruzeiros.com.br/app/js/vendor.CNpzJls-.js:107
[  147263ms] [WARNING] 

⚠️ Your `allowedTags` option includes, `style`, which is inherently
vulnerable to XSS attacks. Please remove it from `allowedTags`.
Or, to disable this warning, add the `allowVulnerableTags` option
and ensure you are accounting for this risk.

 @ https://www.msccruzeiros.com.br/app/js/vendor.CNpzJls-.js:107
[  147264ms] [WARNING] 

⚠️ Your `allowedTags` option includes, `style`, which is inherently
vulnerable to XSS attacks. Please remove it from `allowedTags`.
Or, to disable this warning, add the `allowVulnerableTags` option
and ensure you are accounting for this risk.

 @ https://www.msccruzeiros.com.br/app/js/vendor.CNpzJls-.js:107
[  147264ms] [WARNING] 

⚠️ Your `allowedTags` option includes, `style`, which is inherently
vulnerable to XSS attacks. Please remove it from `allowedTags`.
Or, to disable this warning, add the `allowVulnerableTags` option
and ensure you are accounting for this risk.

 @ https://www.msccruzeiros.com.br/app/js/vendor.CNpzJls-.js:107
[  147264ms] [WARNING] 

⚠️ Your `allowedTags` option includes, `style`, which is inherently
vulnerable to XSS attacks. Please remove it from `allowedTags`.
Or, to disable this warning, add the `allowVulnerableTags` option
and ensure you are accounting for this risk.

 @ https://www.msccruzeiros.com.br/app/js/vendor.CNpzJls-.js:107
[  147264ms] [WARNING] 

⚠️ Your `allowedTags` option includes, `style`, which is inherently
vulnerable to XSS attacks. Please remove it from `allowedTags`.
Or, to disable this warning, add the `allowVulnerableTags` option
and ensure you are accounting for this risk.

 @ https://www.msccruzeiros.com.br/app/js/vendor.CNpzJls-.js:107
[  147264ms] [WARNING] 

⚠️ Your `allowedTags` option includes, `style`, which is inherently
vulnerable to XSS attacks. Please remove it from `allowedTags`.
Or, to disable this warning, add the `allowVulnerableTags` option
and ensure you are accounting for this risk.

 @ https://www.msccruzeiros.com.br/app/js/vendor.CNpzJls-.js:107
[  147266ms] [WARNING] 

⚠️ Your `allowedTags` option includes, `style`, which is inherently
vulnerable to XSS attacks. Please remove it from `allowedTags`.
Or, to disable this warning, add the `allowVulnerableTags` option
and ensure you are accounting for this risk.

 @ https://www.msccruzeiros.com.br/app/js/vendor.CNpzJls-.js:107
[  147267ms] [WARNING] 

⚠️ Your `allowedTags` option includes, `style`, which is inherently
vulnerable to XSS attacks. Please remove it from `allowedTags`.
Or, to disable this warning, add the `allowVulnerableTags` option
and ensure you are accounting for this risk.

 @ https://www.msccruzeiros.com.br/app/js/vendor.CNpzJls-.js:107
[  147267ms] [WARNING] 

⚠️ Your `allowedTags` option includes, `style`, which is inherently
vulnerable to XSS attacks. Please remove it from `allowedTags`.
Or, to disable this warning, add the `allowVulnerableTags` option
and ensure you are accounting for this risk.

 @ https://www.msccruzeiros.com.br/app/js/vendor.CNpzJls-.js:107
[  147267ms] [WARNING] 

⚠️ Your `allowedTags` option includes, `style`, which is inherently
vulnerable to XSS attacks. Please remove it from `allowedTags`.
Or, to disable this warning, add the `allowVulnerableTags` option
and ensure you are accounting for this risk.

 @ https://www.msccruzeiros.com.br/app/js/vendor.CNpzJls-.js:107
[  147267ms] [WARNING] 

⚠️ Your `allowedTags` option includes, `style`, which is inherently
vulnerable to XSS attacks. Please remove it from `allowedTags`.
Or, to disable this warning, add the `allowVulnerableTags` option
and ensure you are accounting for this risk.

 @ https://www.msccruzeiros.com.br/app/js/vendor.CNpzJls-.js:107
[  147267ms] [WARNING] 

⚠️ Your `allowedTags` option includes, `style`, which is inherently
vulnerable to XSS attacks. Please remove it from `allowedTags`.
Or, to disable this warning, add the `allowVulnerableTags` option
and ensure you are accounting for this risk.

 @ https://www.msccruzeiros.com.br/app/js/vendor.CNpzJls-.js:107
[  147267ms] [WARNING] 

⚠️ Your `allowedTags` option includes, `style`, which is inherently
vulnerable to XSS attacks. Please remove it from `allowedTags`.
Or, to disable this warning, add the `allowVulnerableTags` option
and ensure you are accounting for this risk.

 @ https://www.msccruzeiros.com.br/app/js/vendor.CNpzJls-.js:107
[  147269ms] [WARNING] 

⚠️ Your `allowedTags` option includes, `style`, which is inherently
vulnerable to XSS attacks. Please remove it from `allowedTags`.
Or, to disable this warning, add the `allowVulnerableTags` option
and ensure you are accounting for this risk.

 @ https://www.msccruzeiros.com.br/app/js/vendor.CNpzJls-.js:107
[  147270ms] [WARNING] 

⚠️ Your `allowedTags` option includes, `style`, which is inherently
vulnerable to XSS attacks. Please remove it from `allowedTags`.
Or, to disable this warning, add the `allowVulnerableTags` option
and ensure you are accounting for this risk.

 @ https://www.msccruzeiros.com.br/app/js/vendor.CNpzJls-.js:107
[  147270ms] [WARNING] 

⚠️ Your `allowedTags` option includes, `style`, which is inherently
vulnerable to XSS attacks. Please remove it from `allowedTags`.
Or, to disable this warning, add the `allowVulnerableTags` option
and ensure you are accounting for this risk.

 @ https://www.msccruzeiros.com.br/app/js/vendor.CNpzJls-.js:107
[  147270ms] [WARNING] 

⚠️ Your `allowedTags` option includes, `style`, which is inherently
vulnerable to XSS attacks. Please remove it from `allowedTags`.
Or, to disable this warning, add the `allowVulnerableTags` option
and ensure you are accounting for this risk.

 @ https://www.msccruzeiros.com.br/app/js/vendor.CNpzJls-.js:107
[  147270ms] [WARNING] 

⚠️ Your `allowedTags` option includes, `style`, which is inherently
vulnerable to XSS attacks. Please remove it from `allowedTags`.
Or, to disable this warning, add the `allowVulnerableTags` option
and ensure you are accounting for this risk.

 @ https://www.msccruzeiros.com.br/app/js/vendor.CNpzJls-.js:107
[  147270ms] [WARNING] 

⚠️ Your `allowedTags` option includes, `style`, which is inherently
vulnerable to XSS attacks. Please remove it from `allowedTags`.
Or, to disable this warning, add the `allowVulnerableTags` option
and ensure you are accounting for this risk.

 @ https://www.msccruzeiros.com.br/app/js/vendor.CNpzJls-.js:107
[  147270ms] [WARNING] 

⚠️ Your `allowedTags` option includes, `style`, which is inherently
vulnerable to XSS attacks. Please remove it from `allowedTags`.
Or, to disable this warning, add the `allowVulnerableTags` option
and ensure you are accounting for this risk.

 @ https://www.msccruzeiros.com.br/app/js/vendor.CNpzJls-.js:107
[  147270ms] [WARNING] 

⚠️ Your `allowedTags` option includes, `style`, which is inherently
vulnerable to XSS attacks. Please remove it from `allowedTags`.
Or, to disable this warning, add the `allowVulnerableTags` option
and ensure you are accounting for this risk.

 @ https://www.msccruzeiros.com.br/app/js/vendor.CNpzJls-.js:107
[  147273ms] [WARNING] 

⚠️ Your `allowedTags` option includes, `style`, which is inherently
vulnerable to XSS attacks. Please remove it from `allowedTags`.
Or, to disable this warning, add the `allowVulnerableTags` option
and ensure you are accounting for this risk.

 @ https://www.msccruzeiros.com.br/app/js/vendor.CNpzJls-.js:107
[  147274ms] [WARNING] 

⚠️ Your `allowedTags` option includes, `style`, which is inherently
vulnerable to XSS attacks. Please remove it from `allowedTags`.
Or, to disable this warning, add the `allowVulnerableTags` option
and ensure you are accounting for this risk.

 @ https://www.msccruzeiros.com.br/app/js/vendor.CNpzJls-.js:107
[  147274ms] [WARNING] 

⚠️ Your `allowedTags` option includes, `style`, which is inherently
vulnerable to XSS attacks. Please remove it from `allowedTags`.
Or, to disable this warning, add the `allowVulnerableTags` option
and ensure you are accounting for this risk.

 @ https://www.msccruzeiros.com.br/app/js/vendor.CNpzJls-.js:107
[  147274ms] [WARNING] 

⚠️ Your `allowedTags` option includes, `style`, which is inherently
vulnerable to XSS attacks. Please remove it from `allowedTags`.
Or, to disable this warning, add the `allowVulnerableTags` option
and ensure you are accounting for this risk.

 @ https://www.msccruzeiros.com.br/app/js/vendor.CNpzJls-.js:107
[  147274ms] [WARNING] 

⚠️ Your `allowedTags` option includes, `style`, which is inherently
vulnerable to XSS attacks. Please remove it from `allowedTags`.
Or, to disable this warning, add the `allowVulnerableTags` option
and ensure you are accounting for this risk.

 @ https://www.msccruzeiros.com.br/app/js/vendor.CNpzJls-.js:107
[  147274ms] [WARNING] 

⚠️ Your `allowedTags` option includes, `style`, which is inherently
vulnerable to XSS attacks. Please remove it from `allowedTags`.
Or, to disable this warning, add the `allowVulnerableTags` option
and ensure you are accounting for this risk.

 @ https://www.msccruzeiros.com.br/app/js/vendor.CNpzJls-.js:107
[  147274ms] [WARNING] 

⚠️ Your `allowedTags` option includes, `style`, which is inherently
vulnerable to XSS attacks. Please remove it from `allowedTags`.
Or, to disable this warning, add the `allowVulnerableTags` option
and ensure you are accounting for this risk.

 @ https://www.msccruzeiros.com.br/app/js/vendor.CNpzJls-.js:107
[  147276ms] [WARNING] 

⚠️ Your `allowedTags` option includes, `style`, which is inherently
vulnerable to XSS attacks. Please remove it from `allowedTags`.
Or, to disable this warning, add the `allowVulnerableTags` option
and ensure you are accounting for this risk.

 @ https://www.msccruzeiros.com.br/app/js/vendor.CNpzJls-.js:107
[  147277ms] [WARNING] 

⚠️ Your `allowedTags` option includes, `style`, which is inherently
vulnerable to XSS attacks. Please remove it from `allowedTags`.
Or, to disable this warning, add the `allowVulnerableTags` option
and ensure you are accounting for this risk.

 @ https://www.msccruzeiros.com.br/app/js/vendor.CNpzJls-.js:107
[  147277ms] [WARNING] 

⚠️ Your `allowedTags` option includes, `style`, which is inherently
vulnerable to XSS attacks. Please remove it from `allowedTags`.
Or, to disable this warning, add the `allowVulnerableTags` option
and ensure you are accounting for this risk.

 @ https://www.msccruzeiros.com.br/app/js/vendor.CNpzJls-.js:107
[  147277ms] [WARNING] 

⚠️ Your `allowedTags` option includes, `style`, which is inherently
vulnerable to XSS attacks. Please remove it from `allowedTags`.
Or, to disable this warning, add the `allowVulnerableTags` option
and ensure you are accounting for this risk.

 @ https://www.msccruzeiros.com.br/app/js/vendor.CNpzJls-.js:107
[  147277ms] [WARNING] 

⚠️ Your `allowedTags` option includes, `style`, which is inherently
vulnerable to XSS attacks. Please remove it from `allowedTags`.
Or, to disable this warning, add the `allowVulnerableTags` option
and ensure you are accounting for this risk.

 @ https://www.msccruzeiros.com.br/app/js/vendor.CNpzJls-.js:107
[  147278ms] [WARNING] 

⚠️ Your `allowedTags` option includes, `style`, which is inherently
vulnerable to XSS attacks. Please remove it from `allowedTags`.
Or, to disable this warning, add the `allowVulnerableTags` option
and ensure you are accounting for this risk.

 @ https://www.msccruzeiros.com.br/app/js/vendor.CNpzJls-.js:107
[  147278ms] [WARNING] 

⚠️ Your `allowedTags` option includes, `style`, which is inherently
vulnerable to XSS attacks. Please remove it from `allowedTags`.
Or, to disable this warning, add the `allowVulnerableTags` option
and ensure you are accounting for this risk.

 @ https://www.msccruzeiros.com.br/app/js/vendor.CNpzJls-.js:107
[  147279ms] [WARNING] 

⚠️ Your `allowedTags` option includes, `style`, which is inherently
vulnerable to XSS attacks. Please remove it from `allowedTags`.
Or, to disable this warning, add the `allowVulnerableTags` option
and ensure you are accounting for this risk.

 @ https://www.msccruzeiros.com.br/app/js/vendor.CNpzJls-.js:107
[  147320ms] [ERROR] Failed to load resource: net::ERR_CERT_DATE_INVALID @ https://tiy.msccruzeiros.com.br/js/na/na/u/db29a9a21e.js:0
[  147388ms] ReferenceError: KWKUniJS is not defined
    at <anonymous>:1:1
    at https://www.googletagmanager.com/gtm.js?id=GTM-KZRV688&gtm=4e6711:948:429
    at xS (https://www.googletagmanager.com/gtm.js?id=GTM-KZRV688&gtm=4e6711:950:31)
    at Ld.wS (https://www.googletagmanager.com/gtm.js?id=GTM-KZRV688&gtm=4e6711:947:95)
    at Ld.<anonymous> (https://www.googletagmanager.com/gtm.js?id=GTM-KZRV688&gtm=4e6711:353:187)
    at k.apply (https://www.googletagmanager.com/gtm.js?id=GTM-KZRV688&gtm=4e6711:275:465)
    at gb (https://www.googletagmanager.com/gtm.js?id=GTM-KZRV688&gtm=4e6711:237:719)
    at fb (https://www.googletagmanager.com/gtm.js?id=GTM-KZRV688&gtm=4e6711:237:470)
    at Ld.<anonymous> (https://www.googletagmanager.com/gtm.js?id=GTM-KZRV688&gtm=4e6711:299:473)
    at k.apply (https://www.googletagmanager.com/gtm.js?id=GTM-KZRV688&gtm=4e6711:275:465)
[  148039ms] [WARNING] 

⚠️ Your `allowedTags` option includes, `style`, which is inherently
vulnerable to XSS attacks. Please remove it from `allowedTags`.
Or, to disable this warning, add the `allowVulnerableTags` option
and ensure you are accounting for this risk.

 @ https://www.msccruzeiros.com.br/app/js/vendor.CNpzJls-.js:107
[  148040ms] [WARNING] Automation property automation-value is null or empty JSHandle@node @ https://www.msccruzeiros.com.br/app/js/automation-id-directive.CiCfc1vE.js:0
[  148040ms] [WARNING] Automation property automation-value is null or empty JSHandle@node @ https://www.msccruzeiros.com.br/app/js/automation-id-directive.CiCfc1vE.js:0
[  148040ms] [WARNING] Automation property automation-value is null or empty JSHandle@node @ https://www.msccruzeiros.com.br/app/js/automation-id-directive.CiCfc1vE.js:0
[  148040ms] [WARNING] Automation property automation-value is null or empty JSHandle@node @ https://www.msccruzeiros.com.br/app/js/automation-id-directive.CiCfc1vE.js:0
[  148040ms] [WARNING] Automation property automation-value is null or empty JSHandle@node @ https://www.msccruzeiros.com.br/app/js/automation-id-directive.CiCfc1vE.js:0
[  148040ms] [WARNING] Automation property automation-value is null or empty JSHandle@node @ https://www.msccruzeiros.com.br/app/js/automation-id-directive.CiCfc1vE.js:0
[  148040ms] [WARNING] Automation property automation-value is null or empty JSHandle@node @ https://www.msccruzeiros.com.br/app/js/automation-id-directive.CiCfc1vE.js:0
[  148040ms] [WARNING] Automation property automation-value is null or empty JSHandle@node @ https://www.msccruzeiros.com.br/app/js/automation-id-directive.CiCfc1vE.js:0
[  148040ms] [WARNING] Automation property automation-value is null or empty JSHandle@node @ https://www.msccruzeiros.com.br/app/js/automation-id-directive.CiCfc1vE.js:0
[  148040ms] [WARNING] Automation property automation-value is null or empty JSHandle@node @ https://www.msccruzeiros.com.br/app/js/automation-id-directive.CiCfc1vE.js:0
[  148040ms] [WARNING] Automation property automation-value is null or empty JSHandle@node @ https://www.msccruzeiros.com.br/app/js/automation-id-directive.CiCfc1vE.js:0
[  148040ms] [WARNING] Automation property automation-value is null or empty JSHandle@node @ https://www.msccruzeiros.com.br/app/js/automation-id-directive.CiCfc1vE.js:0
[  148040ms] [WARNING] Automation property automation-value is null or empty JSHandle@node @ https://www.msccruzeiros.com.br/app/js/automation-id-directive.CiCfc1vE.js:0
[  148040ms] [WARNING] Automation property automation-value is null or empty JSHandle@node @ https://www.msccruzeiros.com.br/app/js/automation-id-directive.CiCfc1vE.js:0
[  149904ms] [WARNING] Automation property automation-value is null or empty JSHandle@node @ https://www.msccruzeiros.com.br/app/js/automation-id-directive.CiCfc1vE.js:0
[  149905ms] [WARNING] Automation property automation-value is null or empty JSHandle@node @ https://www.msccruzeiros.com.br/app/js/automation-id-directive.CiCfc1vE.js:0
[  149905ms] [WARNING] Automation property automation-value is null or empty JSHandle@node @ https://www.msccruzeiros.com.br/app/js/automation-id-directive.CiCfc1vE.js:0
[  149905ms] [WARNING] Automation property automation-value is null or empty JSHandle@node @ https://www.msccruzeiros.com.br/app/js/automation-id-directive.CiCfc1vE.js:0
[  151515ms] [WARNING] 

⚠️ Your `allowedTags` option includes, `style`, which is inherently
vulnerable to XSS attacks. Please remove it from `allowedTags`.
Or, to disable this warning, add the `allowVulnerableTags` option
and ensure you are accounting for this risk.

 @ https://www.msccruzeiros.com.br/app/js/vendor.CNpzJls-.js:107
[  151516ms] [WARNING] 

⚠️ Your `allowedTags` option includes, `style`, which is inherently
vulnerable to XSS attacks. Please remove it from `allowedTags`.
Or, to disable this warning, add the `allowVulnerableTags` option
and ensure you are accounting for this risk.

 @ https://www.msccruzeiros.com.br/app/js/vendor.CNpzJls-.js:107
[  151516ms] [WARNING] 

⚠️ Your `allowedTags` option includes, `style`, which is inherently
vulnerable to XSS attacks. Please remove it from `allowedTags`.
Or, to disable this warning, add the `allowVulnerableTags` option
and ensure you are accounting for this risk.

 @ https://www.msccruzeiros.com.br/app/js/vendor.CNpzJls-.js:107
[  151516ms] [WARNING] 

⚠️ Your `allowedTags` option includes, `style`, which is inherently
vulnerable to XSS attacks. Please remove it from `allowedTags`.
Or, to disable this warning, add the `allowVulnerableTags` option
and ensure you are accounting for this risk.

 @ https://www.msccruzeiros.com.br/app/js/vendor.CNpzJls-.js:107
[  151516ms] [WARNING] 

⚠️ Your `allowedTags` option includes, `style`, which is inherently
vulnerable to XSS attacks. Please remove it from `allowedTags`.
Or, to disable this warning, add the `allowVulnerableTags` option
and ensure you are accounting for this risk.

 @ https://www.msccruzeiros.com.br/app/js/vendor.CNpzJls-.js:107
[  151516ms] [WARNING] 

⚠️ Your `allowedTags` option includes, `style`, which is inherently
vulnerable to XSS attacks. Please remove it from `allowedTags`.
Or, to disable this warning, add the `allowVulnerableTags` option
and ensure you are accounting for this risk.

 @ https://www.msccruzeiros.com.br/app/js/vendor.CNpzJls-.js:107
[  151517ms] [WARNING] 

⚠️ Your `allowedTags` option includes, `style`, which is inherently
vulnerable to XSS attacks. Please remove it from `allowedTags`.
Or, to disable this warning, add the `allowVulnerableTags` option
and ensure you are accounting for this risk.

 @ https://www.msccruzeiros.com.br/app/js/vendor.CNpzJls-.js:107
[  151518ms] [WARNING] 

⚠️ Your `allowedTags` option includes, `style`, which is inherently
vulnerable to XSS attacks. Please remove it from `allowedTags`.
Or, to disable this warning, add the `allowVulnerableTags` option
and ensure you are accounting for this risk.

 @ https://www.msccruzeiros.com.br/app/js/vendor.CNpzJls-.js:107
[  151518ms] [WARNING] 

⚠️ Your `allowedTags` option includes, `style`, which is inherently
vulnerable to XSS attacks. Please remove it from `allowedTags`.
Or, to disable this warning, add the `allowVulnerableTags` option
and ensure you are accounting for this risk.

 @ https://www.msccruzeiros.com.br/app/js/vendor.CNpzJls-.js:107
[  151518ms] [WARNING] 

⚠️ Your `allowedTags` option includes, `style`, which is inherently
vulnerable to XSS attacks. Please remove it from `allowedTags`.
Or, to disable this warning, add the `allowVulnerableTags` option
and ensure you are accounting for this risk.

 @ https://www.msccruzeiros.com.br/app/js/vendor.CNpzJls-.js:107
[  151518ms] [WARNING] 

⚠️ Your `allowedTags` option includes, `style`, which is inherently
vulnerable to XSS attacks. Please remove it from `allowedTags`.
Or, to disable this warning, add the `allowVulnerableTags` option
and ensure you are accounting for this risk.

 @ https://www.msccruzeiros.com.br/app/js/vendor.CNpzJls-.js:107
[  151518ms] [WARNING] 

⚠️ Your `allowedTags` option includes, `style`, which is inherently
vulnerable to XSS attacks. Please remove it from `allowedTags`.
Or, to disable this warning, add the `allowVulnerableTags` option
and ensure you are accounting for this risk.

 @ https://www.msccruzeiros.com.br/app/js/vendor.CNpzJls-.js:107
[  151518ms] [WARNING] 

⚠️ Your `allowedTags` option includes, `style`, which is inherently
vulnerable to XSS attacks. Please remove it from `allowedTags`.
Or, to disable this warning, add the `allowVulnerableTags` option
and ensure you are accounting for this risk.

 @ https://www.msccruzeiros.com.br/app/js/vendor.CNpzJls-.js:107
[  151519ms] [WARNING] 

⚠️ Your `allowedTags` option includes, `style`, which is inherently
vulnerable to XSS attacks. Please remove it from `allowedTags`.
Or, to disable this warning, add the `allowVulnerableTags` option
and ensure you are accounting for this risk.

 @ https://www.msccruzeiros.com.br/app/js/vendor.CNpzJls-.js:107
[  151520ms] [WARNING] 

⚠️ Your `allowedTags` option includes, `style`, which is inherently
vulnerable to XSS attacks. Please remove it from `allowedTags`.
Or, to disable this warning, add the `allowVulnerableTags` option
and ensure you are accounting for this risk.

 @ https://www.msccruzeiros.com.br/app/js/vendor.CNpzJls-.js:107
[  151520ms] [WARNING] 

⚠️ Your `allowedTags` option includes, `style`, which is inherently
vulnerable to XSS attacks. Please remove it from `allowedTags`.
Or, to disable this warning, add the `allowVulnerableTags` option
and ensure you are accounting for this risk.

 @ https://www.msccruzeiros.com.br/app/js/vendor.CNpzJls-.js:107
[  151520ms] [WARNING] 

⚠️ Your `allowedTags` option includes, `style`, which is inherently
vulnerable to XSS attacks. Please remove it from `allowedTags`.
Or, to disable this warning, add the `allowVulnerableTags` option
and ensure you are accounting for this risk.

 @ https://www.msccruzeiros.com.br/app/js/vendor.CNpzJls-.js:107
[  151521ms] [WARNING] 

⚠️ Your `allowedTags` option includes, `style`, which is inherently
vulnerable to XSS attacks. Please remove it from `allowedTags`.
Or, to disable this warning, add the `allowVulnerableTags` option
and ensure you are accounting for this risk.

 @ https://www.msccruzeiros.com.br/app/js/vendor.CNpzJls-.js:107
[  151521ms] [WARNING] 

⚠️ Your `allowedTags` option includes, `style`, which is inherently
vulnerable to XSS attacks. Please remove it from `allowedTags`.
Or, to disable this warning, add the `allowVulnerableTags` option
and ensure you are accounting for this risk.

 @ https://www.msccruzeiros.com.br/app/js/vendor.CNpzJls-.js:107
[  151521ms] [WARNING] 

⚠️ Your `allowedTags` option includes, `style`, which is inherently
vulnerable to XSS attacks. Please remove it from `allowedTags`.
Or, to disable this warning, add the `allowVulnerableTags` option
and ensure you are accounting for this risk.

 @ https://www.msccruzeiros.com.br/app/js/vendor.CNpzJls-.js:107
[  151523ms] [WARNING] 

⚠️ Your `allowedTags` option includes, `style`, which is inherently
vulnerable to XSS attacks. Please remove it from `allowedTags`.
Or, to disable this warning, add the `allowVulnerableTags` option
and ensure you are accounting for this risk.

 @ https://www.msccruzeiros.com.br/app/js/vendor.CNpzJls-.js:107
[  151524ms] [WARNING] 

⚠️ Your `allowedTags` option includes, `style`, which is inherently
vulnerable to XSS attacks. Please remove it from `allowedTags`.
Or, to disable this warning, add the `allowVulnerableTags` option
and ensure you are accounting for this risk.

 @ https://www.msccruzeiros.com.br/app/js/vendor.CNpzJls-.js:107
[  151524ms] [WARNING] 

⚠️ Your `allowedTags` option includes, `style`, which is inherently
vulnerable to XSS attacks. Please remove it from `allowedTags`.
Or, to disable this warning, add the `allowVulnerableTags` option
and ensure you are accounting for this risk.

 @ https://www.msccruzeiros.com.br/app/js/vendor.CNpzJls-.js:107
[  151524ms] [WARNING] 

⚠️ Your `allowedTags` option includes, `style`, which is inherently
vulnerable to XSS attacks. Please remove it from `allowedTags`.
Or, to disable this warning, add the `allowVulnerableTags` option
and ensure you are accounting for this risk.

 @ https://www.msccruzeiros.com.br/app/js/vendor.CNpzJls-.js:107
[  151525ms] [WARNING] 

⚠️ Your `allowedTags` option includes, `style`, which is inherently
vulnerable to XSS attacks. Please remove it from `allowedTags`.
Or, to disable this warning, add the `allowVulnerableTags` option
and ensure you are accounting for this risk.

 @ https://www.msccruzeiros.com.br/app/js/vendor.CNpzJls-.js:107
[  151525ms] [WARNING] 

⚠️ Your `allowedTags` option includes, `style`, which is inherently
vulnerable to XSS attacks. Please remove it from `allowedTags`.
Or, to disable this warning, add the `allowVulnerableTags` option
and ensure you are accounting for this risk.

 @ https://www.msccruzeiros.com.br/app/js/vendor.CNpzJls-.js:107
[  151525ms] [WARNING] 

⚠️ Your `allowedTags` option includes, `style`, which is inherently
vulnerable to XSS attacks. Please remove it from `allowedTags`.
Or, to disable this warning, add the `allowVulnerableTags` option
and ensure you are accounting for this risk.

 @ https://www.msccruzeiros.com.br/app/js/vendor.CNpzJls-.js:107
[  151526ms] [WARNING] 

⚠️ Your `allowedTags` option includes, `style`, which is inherently
vulnerable to XSS attacks. Please remove it from `allowedTags`.
Or, to disable this warning, add the `allowVulnerableTags` option
and ensure you are accounting for this risk.

 @ https://www.msccruzeiros.com.br/app/js/vendor.CNpzJls-.js:107
[  151528ms] [WARNING] 

⚠️ Your `allowedTags` option includes, `style`, which is inherently
vulnerable to XSS attacks. Please remove it from `allowedTags`.
Or, to disable this warning, add the `allowVulnerableTags` option
and ensure you are accounting for this risk.

 @ https://www.msccruzeiros.com.br/app/js/vendor.CNpzJls-.js:107
[  151528ms] [WARNING] 

⚠️ Your `allowedTags` option includes, `style`, which is inherently
vulnerable to XSS attacks. Please remove it from `allowedTags`.
Or, to disable this warning, add the `allowVulnerableTags` option
and ensure you are accounting for this risk.

 @ https://www.msccruzeiros.com.br/app/js/vendor.CNpzJls-.js:107
[  151528ms] [WARNING] 

⚠️ Your `allowedTags` option includes, `style`, which is inherently
vulnerable to XSS attacks. Please remove it from `allowedTags`.
Or, to disable this warning, add the `allowVulnerableTags` option
and ensure you are accounting for this risk.

 @ https://www.msccruzeiros.com.br/app/js/vendor.CNpzJls-.js:107
[  151528ms] [WARNING] 

⚠️ Your `allowedTags` option includes, `style`, which is inherently
vulnerable to XSS attacks. Please remove it from `allowedTags`.
Or, to disable this warning, add the `allowVulnerableTags` option
and ensure you are accounting for this risk.

 @ https://www.msccruzeiros.com.br/app/js/vendor.CNpzJls-.js:107
[  151528ms] [WARNING] 

⚠️ Your `allowedTags` option includes, `style`, which is inherently
vulnerable to XSS attacks. Please remove it from `allowedTags`.
Or, to disable this warning, add the `allowVulnerableTags` option
and ensure you are accounting for this risk.

 @ https://www.msccruzeiros.com.br/app/js/vendor.CNpzJls-.js:107
[  151528ms] [WARNING] 

⚠️ Your `allowedTags` option includes, `style`, which is inherently
vulnerable to XSS attacks. Please remove it from `allowedTags`.
Or, to disable this warning, add the `allowVulnerableTags` option
and ensure you are accounting for this risk.

 @ https://www.msccruzeiros.com.br/app/js/vendor.CNpzJls-.js:107
[  151530ms] [WARNING] 

⚠️ Your `allowedTags` option includes, `style`, which is inherently
vulnerable to XSS attacks. Please remove it from `allowedTags`.
Or, to disable this warning, add the `allowVulnerableTags` option
and ensure you are accounting for this risk.

 @ https://www.msccruzeiros.com.br/app/js/vendor.CNpzJls-.js:107
[  151531ms] [WARNING] 

⚠️ Your `allowedTags` option includes, `style`, which is inherently
vulnerable to XSS attacks. Please remove it from `allowedTags`.
Or, to disable this warning, add the `allowVulnerableTags` option
and ensure you are accounting for this risk.

 @ https://www.msccruzeiros.com.br/app/js/vendor.CNpzJls-.js:107
[  151531ms] [WARNING] 

⚠️ Your `allowedTags` option includes, `style`, which is inherently
vulnerable to XSS attacks. Please remove it from `allowedTags`.
Or, to disable this warning, add the `allowVulnerableTags` option
and ensure you are accounting for this risk.

 @ https://www.msccruzeiros.com.br/app/js/vendor.CNpzJls-.js:107
[  151531ms] [WARNING] 

⚠️ Your `allowedTags` option includes, `style`, which is inherently
vulnerable to XSS attacks. Please remove it from `allowedTags`.
Or, to disable this warning, add the `allowVulnerableTags` option
and ensure you are accounting for this risk.

 @ https://www.msccruzeiros.com.br/app/js/vendor.CNpzJls-.js:107
[  151531ms] [WARNING] 

⚠️ Your `allowedTags` option includes, `style`, which is inherently
vulnerable to XSS attacks. Please remove it from `allowedTags`.
Or, to disable this warning, add the `allowVulnerableTags` option
and ensure you are accounting for this risk.

 @ https://www.msccruzeiros.com.br/app/js/vendor.CNpzJls-.js:107
[  151531ms] [WARNING] 

⚠️ Your `allowedTags` option includes, `style`, which is inherently
vulnerable to XSS attacks. Please remove it from `allowedTags`.
Or, to disable this warning, add the `allowVulnerableTags` option
and ensure you are accounting for this risk.

 @ https://www.msccruzeiros.com.br/app/js/vendor.CNpzJls-.js:107
[  151532ms] [WARNING] 

⚠️ Your `allowedTags` option includes, `style`, which is inherently
vulnerable to XSS attacks. Please remove it from `allowedTags`.
Or, to disable this warning, add the `allowVulnerableTags` option
and ensure you are accounting for this risk.

 @ https://www.msccruzeiros.com.br/app/js/vendor.CNpzJls-.js:107
[  151532ms] [WARNING] 

⚠️ Your `allowedTags` option includes, `style`, which is inherently
vulnerable to XSS attacks. Please remove it from `allowedTags`.
Or, to disable this warning, add the `allowVulnerableTags` option
and ensure you are accounting for this risk.

 @ https://www.msccruzeiros.com.br/app/js/vendor.CNpzJls-.js:107
[  151533ms] [WARNING] 

⚠️ Your `allowedTags` option includes, `style`, which is inherently
vulnerable to XSS attacks. Please remove it from `allowedTags`.
Or, to disable this warning, add the `allowVulnerableTags` option
and ensure you are accounting for this risk.

 @ https://www.msccruzeiros.com.br/app/js/vendor.CNpzJls-.js:107
[  151534ms] [WARNING] 

⚠️ Your `allowedTags` option includes, `style`, which is inherently
vulnerable to XSS attacks. Please remove it from `allowedTags`.
Or, to disable this warning, add the `allowVulnerableTags` option
and ensure you are accounting for this risk.

 @ https://www.msccruzeiros.com.br/app/js/vendor.CNpzJls-.js:107
[  151534ms] [WARNING] 

⚠️ Your `allowedTags` option includes, `style`, which is inherently
vulnerable to XSS attacks. Please remove it from `allowedTags`.
Or, to disable this warning, add the `allowVulnerableTags` option
and ensure you are accounting for this risk.

 @ https://www.msccruzeiros.com.br/app/js/vendor.CNpzJls-.js:107
[  151534ms] [WARNING] 

⚠️ Your `allowedTags` option includes, `style`, which is inherently
vulnerable to XSS attacks. Please remove it from `allowedTags`.
Or, to disable this warning, add the `allowVulnerableTags` option
and ensure you are accounting for this risk.

 @ https://www.msccruzeiros.com.br/app/js/vendor.CNpzJls-.js:107
[  151534ms] [WARNING] 

⚠️ Your `allowedTags` option includes, `style`, which is inherently
vulnerable to XSS attacks. Please remove it from `allowedTags`.
Or, to disable this warning, add the `allowVulnerableTags` option
and ensure you are accounting for this risk.

 @ https://www.msccruzeiros.com.br/app/js/vendor.CNpzJls-.js:107
[  151535ms] [WARNING] 

⚠️ Your `allowedTags` option includes, `style`, which is inherently
vulnerable to XSS attacks. Please remove it from `allowedTags`.
Or, to disable this warning, add the `allowVulnerableTags` option
and ensure you are accounting for this risk.

 @ https://www.msccruzeiros.com.br/app/js/vendor.CNpzJls-.js:107
[  151535ms] [WARNING] 

⚠️ Your `allowedTags` option includes, `style`, which is inherently
vulnerable to XSS attacks. Please remove it from `allowedTags`.
Or, to disable this warning, add the `allowVulnerableTags` option
and ensure you are accounting for this risk.

 @ https://www.msccruzeiros.com.br/app/js/vendor.CNpzJls-.js:107
[  151536ms] [WARNING] 

⚠️ Your `allowedTags` option includes, `style`, which is inherently
vulnerable to XSS attacks. Please remove it from `allowedTags`.
Or, to disable this warning, add the `allowVulnerableTags` option
and ensure you are accounting for this risk.

 @ https://www.msccruzeiros.com.br/app/js/vendor.CNpzJls-.js:107
[  151574ms] [ERROR] Failed to load resource: net::ERR_CERT_DATE_INVALID @ https://tiy.msccruzeiros.com.br/js/na/na/u/db29a9a21e.js:0
[  151596ms] ReferenceError: KWKUniJS is not defined
    at <anonymous>:1:1
    at https://www.googletagmanager.com/gtm.js?id=GTM-KZRV688&gtm=4e6711:948:429
    at xS (https://www.googletagmanager.com/gtm.js?id=GTM-KZRV688&gtm=4e6711:950:31)
    at Ld.wS (https://www.googletagmanager.com/gtm.js?id=GTM-KZRV688&gtm=4e6711:947:95)
    at Ld.<anonymous> (https://www.googletagmanager.com/gtm.js?id=GTM-KZRV688&gtm=4e6711:353:187)
    at k.apply (https://www.googletagmanager.com/gtm.js?id=GTM-KZRV688&gtm=4e6711:275:465)
    at gb (https://www.googletagmanager.com/gtm.js?id=GTM-KZRV688&gtm=4e6711:237:719)
    at fb (https://www.googletagmanager.com/gtm.js?id=GTM-KZRV688&gtm=4e6711:237:470)
    at Ld.<anonymous> (https://www.googletagmanager.com/gtm.js?id=GTM-KZRV688&gtm=4e6711:299:473)
    at k.apply (https://www.googletagmanager.com/gtm.js?id=GTM-KZRV688&gtm=4e6711:275:465)
[  171457ms] [ERROR] Failed to load resource: net::ERR_CERT_DATE_INVALID @ https://tiy.msccruzeiros.com.br/js/na/na/u/db29a9a21e.js:0
[  171462ms] ReferenceError: KWKUniJS is not defined
    at <anonymous>:1:1
    at https://www.googletagmanager.com/gtm.js?id=GTM-KZRV688&gtm=4e6711:948:429
    at xS (https://www.googletagmanager.com/gtm.js?id=GTM-KZRV688&gtm=4e6711:950:31)
    at Ld.wS (https://www.googletagmanager.com/gtm.js?id=GTM-KZRV688&gtm=4e6711:947:95)
    at Ld.<anonymous> (https://www.googletagmanager.com/gtm.js?id=GTM-KZRV688&gtm=4e6711:353:187)
    at k.apply (https://www.googletagmanager.com/gtm.js?id=GTM-KZRV688&gtm=4e6711:275:465)
    at gb (https://www.googletagmanager.com/gtm.js?id=GTM-KZRV688&gtm=4e6711:237:719)
    at fb (https://www.googletagmanager.com/gtm.js?id=GTM-KZRV688&gtm=4e6711:237:470)
    at Ld.<anonymous> (https://www.googletagmanager.com/gtm.js?id=GTM-KZRV688&gtm=4e6711:299:473)
    at k.apply (https://www.googletagmanager.com/gtm.js?id=GTM-KZRV688&gtm=4e6711:275:465)
[  172299ms] [WARNING] 

⚠️ Your `allowedTags` option includes, `style`, which is inherently
vulnerable to XSS attacks. Please remove it from `allowedTags`.
Or, to disable this warning, add the `allowVulnerableTags` option
and ensure you are accounting for this risk.

 @ https://www.msccruzeiros.com.br/app/js/vendor.CNpzJls-.js:107
[  172299ms] [WARNING] 

⚠️ Your `allowedTags` option includes, `style`, which is inherently
vulnerable to XSS attacks. Please remove it from `allowedTags`.
Or, to disable this warning, add the `allowVulnerableTags` option
and ensure you are accounting for this risk.

 @ https://www.msccruzeiros.com.br/app/js/vendor.CNpzJls-.js:107
[  172299ms] [WARNING] 

⚠️ Your `allowedTags` option includes, `style`, which is inherently
vulnerable to XSS attacks. Please remove it from `allowedTags`.
Or, to disable this warning, add the `allowVulnerableTags` option
and ensure you are accounting for this risk.

 @ https://www.msccruzeiros.com.br/app/js/vendor.CNpzJls-.js:107
[  172299ms] [WARNING] 

⚠️ Your `allowedTags` option includes, `style`, which is inherently
vulnerable to XSS attacks. Please remove it from `allowedTags`.
Or, to disable this warning, add the `allowVulnerableTags` option
and ensure you are accounting for this risk.

 @ https://www.msccruzeiros.com.br/app/js/vendor.CNpzJls-.js:107
[  172299ms] [WARNING] 

⚠️ Your `allowedTags` option includes, `style`, which is inherently
vulnerable to XSS attacks. Please remove it from `allowedTags`.
Or, to disable this warning, add the `allowVulnerableTags` option
and ensure you are accounting for this risk.

 @ https://www.msccruzeiros.com.br/app/js/vendor.CNpzJls-.js:107
[  172299ms] [WARNING] 

⚠️ Your `allowedTags` option includes, `style`, which is inherently
vulnerable to XSS attacks. Please remove it from `allowedTags`.
Or, to disable this warning, add the `allowVulnerableTags` option
and ensure you are accounting for this risk.

 @ https://www.msccruzeiros.com.br/app/js/vendor.CNpzJls-.js:107
[  172300ms] [WARNING] 

⚠️ Your `allowedTags` option includes, `style`, which is inherently
vulnerable to XSS attacks. Please remove it from `allowedTags`.
Or, to disable this warning, add the `allowVulnerableTags` option
and ensure you are accounting for this risk.

 @ https://www.msccruzeiros.com.br/app/js/vendor.CNpzJls-.js:107
[  172301ms] [WARNING] 

⚠️ Your `allowedTags` option includes, `style`, which is inherently
vulnerable to XSS attacks. Please remove it from `allowedTags`.
Or, to disable this warning, add the `allowVulnerableTags` option
and ensure you are accounting for this risk.

 @ https://www.msccruzeiros.com.br/app/js/vendor.CNpzJls-.js:107
[  190034ms] [WARNING] 

⚠️ Your `allowedTags` option includes, `style`, which is inherently
vulnerable to XSS attacks. Please remove it from `allowedTags`.
Or, to disable this warning, add the `allowVulnerableTags` option
and ensure you are accounting for this risk.

 @ https://www.msccruzeiros.com.br/app/js/vendor.CNpzJls-.js:107
[  190034ms] [WARNING] 

⚠️ Your `allowedTags` option includes, `style`, which is inherently
vulnerable to XSS attacks. Please remove it from `allowedTags`.
Or, to disable this warning, add the `allowVulnerableTags` option
and ensure you are accounting for this risk.

 @ https://www.msccruzeiros.com.br/app/js/vendor.CNpzJls-.js:107
[  190034ms] [WARNING] 

⚠️ Your `allowedTags` option includes, `style`, which is inherently
vulnerable to XSS attacks. Please remove it from `allowedTags`.
Or, to disable this warning, add the `allowVulnerableTags` option
and ensure you are accounting for this risk.

 @ https://www.msccruzeiros.com.br/app/js/vendor.CNpzJls-.js:107
[  190035ms] [WARNING] 

⚠️ Your `allowedTags` option includes, `style`, which is inherently
vulnerable to XSS attacks. Please remove it from `allowedTags`.
Or, to disable this warning, add the `allowVulnerableTags` option
and ensure you are accounting for this risk.

 @ https://www.msccruzeiros.com.br/app/js/vendor.CNpzJls-.js:107
[  190035ms] [WARNING] 

⚠️ Your `allowedTags` option includes, `style`, which is inherently
vulnerable to XSS attacks. Please remove it from `allowedTags`.
Or, to disable this warning, add the `allowVulnerableTags` option
and ensure you are accounting for this risk.

 @ https://www.msccruzeiros.com.br/app/js/vendor.CNpzJls-.js:107
[  190035ms] [WARNING] 

⚠️ Your `allowedTags` option includes, `style`, which is inherently
vulnerable to XSS attacks. Please remove it from `allowedTags`.
Or, to disable this warning, add the `allowVulnerableTags` option
and ensure you are accounting for this risk.

 @ https://www.msccruzeiros.com.br/app/js/vendor.CNpzJls-.js:107
[  190037ms] [WARNING] 

⚠️ Your `allowedTags` option includes, `style`, which is inherently
vulnerable to XSS attacks. Please remove it from `allowedTags`.
Or, to disable this warning, add the `allowVulnerableTags` option
and ensure you are accounting for this risk.

 @ https://www.msccruzeiros.com.br/app/js/vendor.CNpzJls-.js:107
[  190038ms] [WARNING] 

⚠️ Your `allowedTags` option includes, `style`, which is inherently
vulnerable to XSS attacks. Please remove it from `allowedTags`.
Or, to disable this warning, add the `allowVulnerableTags` option
and ensure you are accounting for this risk.

 @ https://www.msccruzeiros.com.br/app/js/vendor.CNpzJls-.js:107
[  190038ms] [WARNING] 

⚠️ Your `allowedTags` option includes, `style`, which is inherently
vulnerable to XSS attacks. Please remove it from `allowedTags`.
Or, to disable this warning, add the `allowVulnerableTags` option
and ensure you are accounting for this risk.

 @ https://www.msccruzeiros.com.br/app/js/vendor.CNpzJls-.js:107
[  190038ms] [WARNING] 

⚠️ Your `allowedTags` option includes, `style`, which is inherently
vulnerable to XSS attacks. Please remove it from `allowedTags`.
Or, to disable this warning, add the `allowVulnerableTags` option
and ensure you are accounting for this risk.

 @ https://www.msccruzeiros.com.br/app/js/vendor.CNpzJls-.js:107
[  190039ms] [WARNING] 

⚠️ Your `allowedTags` option includes, `style`, which is inherently
vulnerable to XSS attacks. Please remove it from `allowedTags`.
Or, to disable this warning, add the `allowVulnerableTags` option
and ensure you are accounting for this risk.

 @ https://www.msccruzeiros.com.br/app/js/vendor.CNpzJls-.js:107
[  190039ms] [WARNING] 

⚠️ Your `allowedTags` option includes, `style`, which is inherently
vulnerable to XSS attacks. Please remove it from `allowedTags`.
Or, to disable this warning, add the `allowVulnerableTags` option
and ensure you are accounting for this risk.

 @ https://www.msccruzeiros.com.br/app/js/vendor.CNpzJls-.js:107
[  190039ms] [WARNING] 

⚠️ Your `allowedTags` option includes, `style`, which is inherently
vulnerable to XSS attacks. Please remove it from `allowedTags`.
Or, to disable this warning, add the `allowVulnerableTags` option
and ensure you are accounting for this risk.

 @ https://www.msccruzeiros.com.br/app/js/vendor.CNpzJls-.js:107
[  190041ms] [WARNING] 

⚠️ Your `allowedTags` option includes, `style`, which is inherently
vulnerable to XSS attacks. Please remove it from `allowedTags`.
Or, to disable this warning, add the `allowVulnerableTags` option
and ensure you are accounting for this risk.

 @ https://www.msccruzeiros.com.br/app/js/vendor.CNpzJls-.js:107
[  190042ms] [WARNING] 

⚠️ Your `allowedTags` option includes, `style`, which is inherently
vulnerable to XSS attacks. Please remove it from `allowedTags`.
Or, to disable this warning, add the `allowVulnerableTags` option
and ensure you are accounting for this risk.

 @ https://www.msccruzeiros.com.br/app/js/vendor.CNpzJls-.js:107
[  190042ms] [WARNING] 

⚠️ Your `allowedTags` option includes, `style`, which is inherently
vulnerable to XSS attacks. Please remove it from `allowedTags`.
Or, to disable this warning, add the `allowVulnerableTags` option
and ensure you are accounting for this risk.

 @ https://www.msccruzeiros.com.br/app/js/vendor.CNpzJls-.js:107
[  190042ms] [WARNING] 

⚠️ Your `allowedTags` option includes, `style`, which is inherently
vulnerable to XSS attacks. Please remove it from `allowedTags`.
Or, to disable this warning, add the `allowVulnerableTags` option
and ensure you are accounting for this risk.

 @ https://www.msccruzeiros.com.br/app/js/vendor.CNpzJls-.js:107
[  190042ms] [WARNING] 

⚠️ Your `allowedTags` option includes, `style`, which is inherently
vulnerable to XSS attacks. Please remove it from `allowedTags`.
Or, to disable this warning, add the `allowVulnerableTags` option
and ensure you are accounting for this risk.

 @ https://www.msccruzeiros.com.br/app/js/vendor.CNpzJls-.js:107
[  190042ms] [WARNING] 

⚠️ Your `allowedTags` option includes, `style`, which is inherently
vulnerable to XSS attacks. Please remove it from `allowedTags`.
Or, to disable this warning, add the `allowVulnerableTags` option
and ensure you are accounting for this risk.

 @ https://www.msccruzeiros.com.br/app/js/vendor.CNpzJls-.js:107
[  190042ms] [WARNING] 

⚠️ Your `allowedTags` option includes, `style`, which is inherently
vulnerable to XSS attacks. Please remove it from `allowedTags`.
Or, to disable this warning, add the `allowVulnerableTags` option
and ensure you are accounting for this risk.

 @ https://www.msccruzeiros.com.br/app/js/vendor.CNpzJls-.js:107
[  190043ms] [WARNING] 

⚠️ Your `allowedTags` option includes, `style`, which is inherently
vulnerable to XSS attacks. Please remove it from `allowedTags`.
Or, to disable this warning, add the `allowVulnerableTags` option
and ensure you are accounting for this risk.

 @ https://www.msccruzeiros.com.br/app/js/vendor.CNpzJls-.js:107
[  190044ms] [WARNING] 

⚠️ Your `allowedTags` option includes, `style`, which is inherently
vulnerable to XSS attacks. Please remove it from `allowedTags`.
Or, to disable this warning, add the `allowVulnerableTags` option
and ensure you are accounting for this risk.

 @ https://www.msccruzeiros.com.br/app/js/vendor.CNpzJls-.js:107
[  190044ms] [WARNING] 

⚠️ Your `allowedTags` option includes, `style`, which is inherently
vulnerable to XSS attacks. Please remove it from `allowedTags`.
Or, to disable this warning, add the `allowVulnerableTags` option
and ensure you are accounting for this risk.

 @ https://www.msccruzeiros.com.br/app/js/vendor.CNpzJls-.js:107
[  190045ms] [WARNING] 

⚠️ Your `allowedTags` option includes, `style`, which is inherently
vulnerable to XSS attacks. Please remove it from `allowedTags`.
Or, to disable this warning, add the `allowVulnerableTags` option
and ensure you are accounting for this risk.

 @ https://www.msccruzeiros.com.br/app/js/vendor.CNpzJls-.js:107
[  190045ms] [WARNING] 

⚠️ Your `allowedTags` option includes, `style`, which is inherently
vulnerable to XSS attacks. Please remove it from `allowedTags`.
Or, to disable this warning, add the `allowVulnerableTags` option
and ensure you are accounting for this risk.

 @ https://www.msccruzeiros.com.br/app/js/vendor.CNpzJls-.js:107
[  190045ms] [WARNING] 

⚠️ Your `allowedTags` option includes, `style`, which is inherently
vulnerable to XSS attacks. Please remove it from `allowedTags`.
Or, to disable this warning, add the `allowVulnerableTags` option
and ensure you are accounting for this risk.

 @ https://www.msccruzeiros.com.br/app/js/vendor.CNpzJls-.js:107
[  190045ms] [WARNING] 

⚠️ Your `allowedTags` option includes, `style`, which is inherently
vulnerable to XSS attacks. Please remove it from `allowedTags`.
Or, to disable this warning, add the `allowVulnerableTags` option
and ensure you are accounting for this risk.

 @ https://www.msccruzeiros.com.br/app/js/vendor.CNpzJls-.js:107
[  190047ms] [WARNING] 

⚠️ Your `allowedTags` option includes, `style`, which is inherently
vulnerable to XSS attacks. Please remove it from `allowedTags`.
Or, to disable this warning, add the `allowVulnerableTags` option
and ensure you are accounting for this risk.

 @ https://www.msccruzeiros.com.br/app/js/vendor.CNpzJls-.js:107
[  190049ms] [WARNING] 

⚠️ Your `allowedTags` option includes, `style`, which is inherently
vulnerable to XSS attacks. Please remove it from `allowedTags`.
Or, to disable this warning, add the `allowVulnerableTags` option
and ensure you are accounting for this risk.

 @ https://www.msccruzeiros.com.br/app/js/vendor.CNpzJls-.js:107
[  190049ms] [WARNING] 

⚠️ Your `allowedTags` option includes, `style`, which is inherently
vulnerable to XSS attacks. Please remove it from `allowedTags`.
Or, to disable this warning, add the `allowVulnerableTags` option
and ensure you are accounting for this risk.

 @ https://www.msccruzeiros.com.br/app/js/vendor.CNpzJls-.js:107
[  190049ms] [WARNING] 

⚠️ Your `allowedTags` option includes, `style`, which is inherently
vulnerable to XSS attacks. Please remove it from `allowedTags`.
Or, to disable this warning, add the `allowVulnerableTags` option
and ensure you are accounting for this risk.

 @ https://www.msccruzeiros.com.br/app/js/vendor.CNpzJls-.js:107
[  190049ms] [WARNING] 

⚠️ Your `allowedTags` option includes, `style`, which is inherently
vulnerable to XSS attacks. Please remove it from `allowedTags`.
Or, to disable this warning, add the `allowVulnerableTags` option
and ensure you are accounting for this risk.

 @ https://www.msccruzeiros.com.br/app/js/vendor.CNpzJls-.js:107
[  190049ms] [WARNING] 

⚠️ Your `allowedTags` option includes, `style`, which is inherently
vulnerable to XSS attacks. Please remove it from `allowedTags`.
Or, to disable this warning, add the `allowVulnerableTags` option
and ensure you are accounting for this risk.

 @ https://www.msccruzeiros.com.br/app/js/vendor.CNpzJls-.js:107
[  190049ms] [WARNING] 

⚠️ Your `allowedTags` option includes, `style`, which is inherently
vulnerable to XSS attacks. Please remove it from `allowedTags`.
Or, to disable this warning, add the `allowVulnerableTags` option
and ensure you are accounting for this risk.

 @ https://www.msccruzeiros.com.br/app/js/vendor.CNpzJls-.js:107
[  190049ms] [WARNING] 

⚠️ Your `allowedTags` option includes, `style`, which is inherently
vulnerable to XSS attacks. Please remove it from `allowedTags`.
Or, to disable this warning, add the `allowVulnerableTags` option
and ensure you are accounting for this risk.

 @ https://www.msccruzeiros.com.br/app/js/vendor.CNpzJls-.js:107
[  190051ms] [WARNING] 

⚠️ Your `allowedTags` option includes, `style`, which is inherently
vulnerable to XSS attacks. Please remove it from `allowedTags`.
Or, to disable this warning, add the `allowVulnerableTags` option
and ensure you are accounting for this risk.

 @ https://www.msccruzeiros.com.br/app/js/vendor.CNpzJls-.js:107
[  190052ms] [WARNING] 

⚠️ Your `allowedTags` option includes, `style`, which is inherently
vulnerable to XSS attacks. Please remove it from `allowedTags`.
Or, to disable this warning, add the `allowVulnerableTags` option
and ensure you are accounting for this risk.

 @ https://www.msccruzeiros.com.br/app/js/vendor.CNpzJls-.js:107
[  190052ms] [WARNING] 

⚠️ Your `allowedTags` option includes, `style`, which is inherently
vulnerable to XSS attacks. Please remove it from `allowedTags`.
Or, to disable this warning, add the `allowVulnerableTags` option
and ensure you are accounting for this risk.

 @ https://www.msccruzeiros.com.br/app/js/vendor.CNpzJls-.js:107
[  190052ms] [WARNING] 

⚠️ Your `allowedTags` option includes, `style`, which is inherently
vulnerable to XSS attacks. Please remove it from `allowedTags`.
Or, to disable this warning, add the `allowVulnerableTags` option
and ensure you are accounting for this risk.

 @ https://www.msccruzeiros.com.br/app/js/vendor.CNpzJls-.js:107
[  190052ms] [WARNING] 

⚠️ Your `allowedTags` option includes, `style`, which is inherently
vulnerable to XSS attacks. Please remove it from `allowedTags`.
Or, to disable this warning, add the `allowVulnerableTags` option
and ensure you are accounting for this risk.

 @ https://www.msccruzeiros.com.br/app/js/vendor.CNpzJls-.js:107
[  190052ms] [WARNING] 

⚠️ Your `allowedTags` option includes, `style`, which is inherently
vulnerable to XSS attacks. Please remove it from `allowedTags`.
Or, to disable this warning, add the `allowVulnerableTags` option
and ensure you are accounting for this risk.

 @ https://www.msccruzeiros.com.br/app/js/vendor.CNpzJls-.js:107
[  190052ms] [WARNING] 

⚠️ Your `allowedTags` option includes, `style`, which is inherently
vulnerable to XSS attacks. Please remove it from `allowedTags`.
Or, to disable this warning, add the `allowVulnerableTags` option
and ensure you are accounting for this risk.

 @ https://www.msccruzeiros.com.br/app/js/vendor.CNpzJls-.js:107
[  190055ms] [WARNING] 

⚠️ Your `allowedTags` option includes, `style`, which is inherently
vulnerable to XSS attacks. Please remove it from `allowedTags`.
Or, to disable this warning, add the `allowVulnerableTags` option
and ensure you are accounting for this risk.

 @ https://www.msccruzeiros.com.br/app/js/vendor.CNpzJls-.js:107
[  190056ms] [WARNING] 

⚠️ Your `allowedTags` option includes, `style`, which is inherently
vulnerable to XSS attacks. Please remove it from `allowedTags`.
Or, to disable this warning, add the `allowVulnerableTags` option
and ensure you are accounting for this risk.

 @ https://www.msccruzeiros.com.br/app/js/vendor.CNpzJls-.js:107
[  190057ms] [WARNING] 

⚠️ Your `allowedTags` option includes, `style`, which is inherently
vulnerable to XSS attacks. Please remove it from `allowedTags`.
Or, to disable this warning, add the `allowVulnerableTags` option
and ensure you are accounting for this risk.

 @ https://www.msccruzeiros.com.br/app/js/vendor.CNpzJls-.js:107
[  190057ms] [WARNING] 

⚠️ Your `allowedTags` option includes, `style`, which is inherently
vulnerable to XSS attacks. Please remove it from `allowedTags`.
Or, to disable this warning, add the `allowVulnerableTags` option
and ensure you are accounting for this risk.

 @ https://www.msccruzeiros.com.br/app/js/vendor.CNpzJls-.js:107
[  190057ms] [WARNING] 

⚠️ Your `allowedTags` option includes, `style`, which is inherently
vulnerable to XSS attacks. Please remove it from `allowedTags`.
Or, to disable this warning, add the `allowVulnerableTags` option
and ensure you are accounting for this risk.

 @ https://www.msccruzeiros.com.br/app/js/vendor.CNpzJls-.js:107
[  190057ms] [WARNING] 

⚠️ Your `allowedTags` option includes, `style`, which is inherently
vulnerable to XSS attacks. Please remove it from `allowedTags`.
Or, to disable this warning, add the `allowVulnerableTags` option
and ensure you are accounting for this risk.

 @ https://www.msccruzeiros.com.br/app/js/vendor.CNpzJls-.js:107
[  190057ms] [WARNING] 

⚠️ Your `allowedTags` option includes, `style`, which is inherently
vulnerable to XSS attacks. Please remove it from `allowedTags`.
Or, to disable this warning, add the `allowVulnerableTags` option
and ensure you are accounting for this risk.

 @ https://www.msccruzeiros.com.br/app/js/vendor.CNpzJls-.js:107
[  190058ms] [WARNING] 

⚠️ Your `allowedTags` option includes, `style`, which is inherently
vulnerable to XSS attacks. Please remove it from `allowedTags`.
Or, to disable this warning, add the `allowVulnerableTags` option
and ensure you are accounting for this risk.

 @ https://www.msccruzeiros.com.br/app/js/vendor.CNpzJls-.js:107
[  190595ms] [ERROR] Failed to load resource: net::ERR_CERT_DATE_INVALID @ https://tiy.msccruzeiros.com.br/js/na/na/u/db29a9a21e.js:0
[  190606ms] ReferenceError: KWKUniJS is not defined
    at <anonymous>:1:1
    at https://www.googletagmanager.com/gtm.js?id=GTM-KZRV688&gtm=4e6711:948:429
    at xS (https://www.googletagmanager.com/gtm.js?id=GTM-KZRV688&gtm=4e6711:950:31)
    at Ld.wS (https://www.googletagmanager.com/gtm.js?id=GTM-KZRV688&gtm=4e6711:947:95)
    at Ld.<anonymous> (https://www.googletagmanager.com/gtm.js?id=GTM-KZRV688&gtm=4e6711:353:187)
    at k.apply (https://www.googletagmanager.com/gtm.js?id=GTM-KZRV688&gtm=4e6711:275:465)
    at gb (https://www.googletagmanager.com/gtm.js?id=GTM-KZRV688&gtm=4e6711:237:719)
    at fb (https://www.googletagmanager.com/gtm.js?id=GTM-KZRV688&gtm=4e6711:237:470)
    at Ld.<anonymous> (https://www.googletagmanager.com/gtm.js?id=GTM-KZRV688&gtm=4e6711:299:473)
    at k.apply (https://www.googletagmanager.com/gtm.js?id=GTM-KZRV688&gtm=4e6711:275:465)
[  195986ms] [WARNING] 

⚠️ Your `allowedTags` option includes, `style`, which is inherently
vulnerable to XSS attacks. Please remove it from `allowedTags`.
Or, to disable this warning, add the `allowVulnerableTags` option
and ensure you are accounting for this risk.

 @ https://www.msccruzeiros.com.br/app/js/vendor.CNpzJls-.js:107
[  195987ms] [WARNING] 

⚠️ Your `allowedTags` option includes, `style`, which is inherently
vulnerable to XSS attacks. Please remove it from `allowedTags`.
Or, to disable this warning, add the `allowVulnerableTags` option
and ensure you are accounting for this risk.

 @ https://www.msccruzeiros.com.br/app/js/vendor.CNpzJls-.js:107
[  195987ms] [WARNING] 

⚠️ Your `allowedTags` option includes, `style`, which is inherently
vulnerable to XSS attacks. Please remove it from `allowedTags`.
Or, to disable this warning, add the `allowVulnerableTags` option
and ensure you are accounting for this risk.

 @ https://www.msccruzeiros.com.br/app/js/vendor.CNpzJls-.js:107
[  195987ms] [WARNING] 

⚠️ Your `allowedTags` option includes, `style`, which is inherently
vulnerable to XSS attacks. Please remove it from `allowedTags`.
Or, to disable this warning, add the `allowVulnerableTags` option
and ensure you are accounting for this risk.

 @ https://www.msccruzeiros.com.br/app/js/vendor.CNpzJls-.js:107
[  195987ms] [WARNING] 

⚠️ Your `allowedTags` option includes, `style`, which is inherently
vulnerable to XSS attacks. Please remove it from `allowedTags`.
Or, to disable this warning, add the `allowVulnerableTags` option
and ensure you are accounting for this risk.

 @ https://www.msccruzeiros.com.br/app/js/vendor.CNpzJls-.js:107
[  195988ms] [WARNING] 

⚠️ Your `allowedTags` option includes, `style`, which is inherently
vulnerable to XSS attacks. Please remove it from `allowedTags`.
Or, to disable this warning, add the `allowVulnerableTags` option
and ensure you are accounting for this risk.

 @ https://www.msccruzeiros.com.br/app/js/vendor.CNpzJls-.js:107
[  195989ms] [WARNING] 

⚠️ Your `allowedTags` option includes, `style`, which is inherently
vulnerable to XSS attacks. Please remove it from `allowedTags`.
Or, to disable this warning, add the `allowVulnerableTags` option
and ensure you are accounting for this risk.

 @ https://www.msccruzeiros.com.br/app/js/vendor.CNpzJls-.js:107
[  195991ms] [WARNING] 

⚠️ Your `allowedTags` option includes, `style`, which is inherently
vulnerable to XSS attacks. Please remove it from `allowedTags`.
Or, to disable this warning, add the `allowVulnerableTags` option
and ensure you are accounting for this risk.

 @ https://www.msccruzeiros.com.br/app/js/vendor.CNpzJls-.js:107
[  195991ms] [WARNING] 

⚠️ Your `allowedTags` option includes, `style`, which is inherently
vulnerable to XSS attacks. Please remove it from `allowedTags`.
Or, to disable this warning, add the `allowVulnerableTags` option
and ensure you are accounting for this risk.

 @ https://www.msccruzeiros.com.br/app/js/vendor.CNpzJls-.js:107
[  195991ms] [WARNING] 

⚠️ Your `allowedTags` option includes, `style`, which is inherently
vulnerable to XSS attacks. Please remove it from `allowedTags`.
Or, to disable this warning, add the `allowVulnerableTags` option
and ensure you are accounting for this risk.

 @ https://www.msccruzeiros.com.br/app/js/vendor.CNpzJls-.js:107
[  195992ms] [WARNING] 

⚠️ Your `allowedTags` option includes, `style`, which is inherently
vulnerable to XSS attacks. Please remove it from `allowedTags`.
Or, to disable this warning, add the `allowVulnerableTags` option
and ensure you are accounting for this risk.

 @ https://www.msccruzeiros.com.br/app/js/vendor.CNpzJls-.js:107
[  195992ms] [WARNING] 

⚠️ Your `allowedTags` option includes, `style`, which is inherently
vulnerable to XSS attacks. Please remove it from `allowedTags`.
Or, to disable this warning, add the `allowVulnerableTags` option
and ensure you are accounting for this risk.

 @ https://www.msccruzeiros.com.br/app/js/vendor.CNpzJls-.js:107
[  195992ms] [WARNING] 

⚠️ Your `allowedTags` option includes, `style`, which is inherently
vulnerable to XSS attacks. Please remove it from `allowedTags`.
Or, to disable this warning, add the `allowVulnerableTags` option
and ensure you are accounting for this risk.

 @ https://www.msccruzeiros.com.br/app/js/vendor.CNpzJls-.js:107
[  195993ms] [WARNING] 

⚠️ Your `allowedTags` option includes, `style`, which is inherently
vulnerable to XSS attacks. Please remove it from `allowedTags`.
Or, to disable this warning, add the `allowVulnerableTags` option
and ensure you are accounting for this risk.

 @ https://www.msccruzeiros.com.br/app/js/vendor.CNpzJls-.js:107
[  195994ms] [WARNING] 

⚠️ Your `allowedTags` option includes, `style`, which is inherently
vulnerable to XSS attacks. Please remove it from `allowedTags`.
Or, to disable this warning, add the `allowVulnerableTags` option
and ensure you are accounting for this risk.

 @ https://www.msccruzeiros.com.br/app/js/vendor.CNpzJls-.js:107
[  195994ms] [WARNING] 

⚠️ Your `allowedTags` option includes, `style`, which is inherently
vulnerable to XSS attacks. Please remove it from `allowedTags`.
Or, to disable this warning, add the `allowVulnerableTags` option
and ensure you are accounting for this risk.

 @ https://www.msccruzeiros.com.br/app/js/vendor.CNpzJls-.js:107
[  195994ms] [WARNING] 

⚠️ Your `allowedTags` option includes, `style`, which is inherently
vulnerable to XSS attacks. Please remove it from `allowedTags`.
Or, to disable this warning, add the `allowVulnerableTags` option
and ensure you are accounting for this risk.

 @ https://www.msccruzeiros.com.br/app/js/vendor.CNpzJls-.js:107
[  195994ms] [WARNING] 

⚠️ Your `allowedTags` option includes, `style`, which is inherently
vulnerable to XSS attacks. Please remove it from `allowedTags`.
Or, to disable this warning, add the `allowVulnerableTags` option
and ensure you are accounting for this risk.

 @ https://www.msccruzeiros.com.br/app/js/vendor.CNpzJls-.js:107
[  195994ms] [WARNING] 

⚠️ Your `allowedTags` option includes, `style`, which is inherently
vulnerable to XSS attacks. Please remove it from `allowedTags`.
Or, to disable this warning, add the `allowVulnerableTags` option
and ensure you are accounting for this risk.

 @ https://www.msccruzeiros.com.br/app/js/vendor.CNpzJls-.js:107
[  195995ms] [WARNING] 

⚠️ Your `allowedTags` option includes, `style`, which is inherently
vulnerable to XSS attacks. Please remove it from `allowedTags`.
Or, to disable this warning, add the `allowVulnerableTags` option
and ensure you are accounting for this risk.

 @ https://www.msccruzeiros.com.br/app/js/vendor.CNpzJls-.js:107
[  195996ms] [WARNING] 

⚠️ Your `allowedTags` option includes, `style`, which is inherently
vulnerable to XSS attacks. Please remove it from `allowedTags`.
Or, to disable this warning, add the `allowVulnerableTags` option
and ensure you are accounting for this risk.

 @ https://www.msccruzeiros.com.br/app/js/vendor.CNpzJls-.js:107
[  195998ms] [WARNING] 

⚠️ Your `allowedTags` option includes, `style`, which is inherently
vulnerable to XSS attacks. Please remove it from `allowedTags`.
Or, to disable this warning, add the `allowVulnerableTags` option
and ensure you are accounting for this risk.

 @ https://www.msccruzeiros.com.br/app/js/vendor.CNpzJls-.js:107
[  195998ms] [WARNING] 

⚠️ Your `allowedTags` option includes, `style`, which is inherently
vulnerable to XSS attacks. Please remove it from `allowedTags`.
Or, to disable this warning, add the `allowVulnerableTags` option
and ensure you are accounting for this risk.

 @ https://www.msccruzeiros.com.br/app/js/vendor.CNpzJls-.js:107
[  195998ms] [WARNING] 

⚠️ Your `allowedTags` option includes, `style`, which is inherently
vulnerable to XSS attacks. Please remove it from `allowedTags`.
Or, to disable this warning, add the `allowVulnerableTags` option
and ensure you are accounting for this risk.

 @ https://www.msccruzeiros.com.br/app/js/vendor.CNpzJls-.js:107
[  195998ms] [WARNING] 

⚠️ Your `allowedTags` option includes, `style`, which is inherently
vulnerable to XSS attacks. Please remove it from `allowedTags`.
Or, to disable this warning, add the `allowVulnerableTags` option
and ensure you are accounting for this risk.

 @ https://www.msccruzeiros.com.br/app/js/vendor.CNpzJls-.js:107
[  195999ms] [WARNING] 

⚠️ Your `allowedTags` option includes, `style`, which is inherently
vulnerable to XSS attacks. Please remove it from `allowedTags`.
Or, to disable this warning, add the `allowVulnerableTags` option
and ensure you are accounting for this risk.

 @ https://www.msccruzeiros.com.br/app/js/vendor.CNpzJls-.js:107
[  195999ms] [WARNING] 

⚠️ Your `allowedTags` option includes, `style`, which is inherently
vulnerable to XSS attacks. Please remove it from `allowedTags`.
Or, to disable this warning, add the `allowVulnerableTags` option
and ensure you are accounting for this risk.

 @ https://www.msccruzeiros.com.br/app/js/vendor.CNpzJls-.js:107
[  196000ms] [WARNING] 

⚠️ Your `allowedTags` option includes, `style`, which is inherently
vulnerable to XSS attacks. Please remove it from `allowedTags`.
Or, to disable this warning, add the `allowVulnerableTags` option
and ensure you are accounting for this risk.

 @ https://www.msccruzeiros.com.br/app/js/vendor.CNpzJls-.js:107
[  196001ms] [WARNING] 

⚠️ Your `allowedTags` option includes, `style`, which is inherently
vulnerable to XSS attacks. Please remove it from `allowedTags`.
Or, to disable this warning, add the `allowVulnerableTags` option
and ensure you are accounting for this risk.

 @ https://www.msccruzeiros.com.br/app/js/vendor.CNpzJls-.js:107
[  196002ms] [WARNING] 

⚠️ Your `allowedTags` option includes, `style`, which is inherently
vulnerable to XSS attacks. Please remove it from `allowedTags`.
Or, to disable this warning, add the `allowVulnerableTags` option
and ensure you are accounting for this risk.

 @ https://www.msccruzeiros.com.br/app/js/vendor.CNpzJls-.js:107
[  196002ms] [WARNING] 

⚠️ Your `allowedTags` option includes, `style`, which is inherently
vulnerable to XSS attacks. Please remove it from `allowedTags`.
Or, to disable this warning, add the `allowVulnerableTags` option
and ensure you are accounting for this risk.

 @ https://www.msccruzeiros.com.br/app/js/vendor.CNpzJls-.js:107
[  196002ms] [WARNING] 

⚠️ Your `allowedTags` option includes, `style`, which is inherently
vulnerable to XSS attacks. Please remove it from `allowedTags`.
Or, to disable this warning, add the `allowVulnerableTags` option
and ensure you are accounting for this risk.

 @ https://www.msccruzeiros.com.br/app/js/vendor.CNpzJls-.js:107
[  196002ms] [WARNING] 

⚠️ Your `allowedTags` option includes, `style`, which is inherently
vulnerable to XSS attacks. Please remove it from `allowedTags`.
Or, to disable this warning, add the `allowVulnerableTags` option
and ensure you are accounting for this risk.

 @ https://www.msccruzeiros.com.br/app/js/vendor.CNpzJls-.js:107
[  196002ms] [WARNING] 

⚠️ Your `allowedTags` option includes, `style`, which is inherently
vulnerable to XSS attacks. Please remove it from `allowedTags`.
Or, to disable this warning, add the `allowVulnerableTags` option
and ensure you are accounting for this risk.

 @ https://www.msccruzeiros.com.br/app/js/vendor.CNpzJls-.js:107
[  196003ms] [WARNING] 

⚠️ Your `allowedTags` option includes, `style`, which is inherently
vulnerable to XSS attacks. Please remove it from `allowedTags`.
Or, to disable this warning, add the `allowVulnerableTags` option
and ensure you are accounting for this risk.

 @ https://www.msccruzeiros.com.br/app/js/vendor.CNpzJls-.js:107
[  196004ms] [WARNING] 

⚠️ Your `allowedTags` option includes, `style`, which is inherently
vulnerable to XSS attacks. Please remove it from `allowedTags`.
Or, to disable this warning, add the `allowVulnerableTags` option
and ensure you are accounting for this risk.

 @ https://www.msccruzeiros.com.br/app/js/vendor.CNpzJls-.js:107
[  196004ms] [WARNING] 

⚠️ Your `allowedTags` option includes, `style`, which is inherently
vulnerable to XSS attacks. Please remove it from `allowedTags`.
Or, to disable this warning, add the `allowVulnerableTags` option
and ensure you are accounting for this risk.

 @ https://www.msccruzeiros.com.br/app/js/vendor.CNpzJls-.js:107
[  196004ms] [WARNING] 

⚠️ Your `allowedTags` option includes, `style`, which is inherently
vulnerable to XSS attacks. Please remove it from `allowedTags`.
Or, to disable this warning, add the `allowVulnerableTags` option
and ensure you are accounting for this risk.

 @ https://www.msccruzeiros.com.br/app/js/vendor.CNpzJls-.js:107
[  196004ms] [WARNING] 

⚠️ Your `allowedTags` option includes, `style`, which is inherently
vulnerable to XSS attacks. Please remove it from `allowedTags`.
Or, to disable this warning, add the `allowVulnerableTags` option
and ensure you are accounting for this risk.

 @ https://www.msccruzeiros.com.br/app/js/vendor.CNpzJls-.js:107
[  196004ms] [WARNING] 

⚠️ Your `allowedTags` option includes, `style`, which is inherently
vulnerable to XSS attacks. Please remove it from `allowedTags`.
Or, to disable this warning, add the `allowVulnerableTags` option
and ensure you are accounting for this risk.

 @ https://www.msccruzeiros.com.br/app/js/vendor.CNpzJls-.js:107
[  196005ms] [WARNING] 

⚠️ Your `allowedTags` option includes, `style`, which is inherently
vulnerable to XSS attacks. Please remove it from `allowedTags`.
Or, to disable this warning, add the `allowVulnerableTags` option
and ensure you are accounting for this risk.

 @ https://www.msccruzeiros.com.br/app/js/vendor.CNpzJls-.js:107
[  196005ms] [WARNING] 

⚠️ Your `allowedTags` option includes, `style`, which is inherently
vulnerable to XSS attacks. Please remove it from `allowedTags`.
Or, to disable this warning, add the `allowVulnerableTags` option
and ensure you are accounting for this risk.

 @ https://www.msccruzeiros.com.br/app/js/vendor.CNpzJls-.js:107
[  196007ms] [WARNING] 

⚠️ Your `allowedTags` option includes, `style`, which is inherently
vulnerable to XSS attacks. Please remove it from `allowedTags`.
Or, to disable this warning, add the `allowVulnerableTags` option
and ensure you are accounting for this risk.

 @ https://www.msccruzeiros.com.br/app/js/vendor.CNpzJls-.js:107
[  196007ms] [WARNING] 

⚠️ Your `allowedTags` option includes, `style`, which is inherently
vulnerable to XSS attacks. Please remove it from `allowedTags`.
Or, to disable this warning, add the `allowVulnerableTags` option
and ensure you are accounting for this risk.

 @ https://www.msccruzeiros.com.br/app/js/vendor.CNpzJls-.js:107
[  196007ms] [WARNING] 

⚠️ Your `allowedTags` option includes, `style`, which is inherently
vulnerable to XSS attacks. Please remove it from `allowedTags`.
Or, to disable this warning, add the `allowVulnerableTags` option
and ensure you are accounting for this risk.

 @ https://www.msccruzeiros.com.br/app/js/vendor.CNpzJls-.js:107
[  196007ms] [WARNING] 

⚠️ Your `allowedTags` option includes, `style`, which is inherently
vulnerable to XSS attacks. Please remove it from `allowedTags`.
Or, to disable this warning, add the `allowVulnerableTags` option
and ensure you are accounting for this risk.

 @ https://www.msccruzeiros.com.br/app/js/vendor.CNpzJls-.js:107
[  196007ms] [WARNING] 

⚠️ Your `allowedTags` option includes, `style`, which is inherently
vulnerable to XSS attacks. Please remove it from `allowedTags`.
Or, to disable this warning, add the `allowVulnerableTags` option
and ensure you are accounting for this risk.

 @ https://www.msccruzeiros.com.br/app/js/vendor.CNpzJls-.js:107
[  196007ms] [WARNING] 

⚠️ Your `allowedTags` option includes, `style`, which is inherently
vulnerable to XSS attacks. Please remove it from `allowedTags`.
Or, to disable this warning, add the `allowVulnerableTags` option
and ensure you are accounting for this risk.

 @ https://www.msccruzeiros.com.br/app/js/vendor.CNpzJls-.js:107
[  196007ms] [WARNING] 

⚠️ Your `allowedTags` option includes, `style`, which is inherently
vulnerable to XSS attacks. Please remove it from `allowedTags`.
Or, to disable this warning, add the `allowVulnerableTags` option
and ensure you are accounting for this risk.

 @ https://www.msccruzeiros.com.br/app/js/vendor.CNpzJls-.js:107
[  196008ms] [WARNING] 

⚠️ Your `allowedTags` option includes, `style`, which is inherently
vulnerable to XSS attacks. Please remove it from `allowedTags`.
Or, to disable this warning, add the `allowVulnerableTags` option
and ensure you are accounting for this risk.

 @ https://www.msccruzeiros.com.br/app/js/vendor.CNpzJls-.js:107
[  196482ms] [WARNING] 

⚠️ Your `allowedTags` option includes, `style`, which is inherently
vulnerable to XSS attacks. Please remove it from `allowedTags`.
Or, to disable this warning, add the `allowVulnerableTags` option
and ensure you are accounting for this risk.

 @ https://www.msccruzeiros.com.br/app/js/vendor.CNpzJls-.js:107
[  196482ms] [WARNING] 

⚠️ Your `allowedTags` option includes, `style`, which is inherently
vulnerable to XSS attacks. Please remove it from `allowedTags`.
Or, to disable this warning, add the `allowVulnerableTags` option
and ensure you are accounting for this risk.

 @ https://www.msccruzeiros.com.br/app/js/vendor.CNpzJls-.js:107
[  196482ms] [WARNING] 

⚠️ Your `allowedTags` option includes, `style`, which is inherently
vulnerable to XSS attacks. Please remove it from `allowedTags`.
Or, to disable this warning, add the `allowVulnerableTags` option
and ensure you are accounting for this risk.

 @ https://www.msccruzeiros.com.br/app/js/vendor.CNpzJls-.js:107
[  196482ms] [WARNING] 

⚠️ Your `allowedTags` option includes, `style`, which is inherently
vulnerable to XSS attacks. Please remove it from `allowedTags`.
Or, to disable this warning, add the `allowVulnerableTags` option
and ensure you are accounting for this risk.

 @ https://www.msccruzeiros.com.br/app/js/vendor.CNpzJls-.js:107
[  196482ms] [WARNING] 

⚠️ Your `allowedTags` option includes, `style`, which is inherently
vulnerable to XSS attacks. Please remove it from `allowedTags`.
Or, to disable this warning, add the `allowVulnerableTags` option
and ensure you are accounting for this risk.

 @ https://www.msccruzeiros.com.br/app/js/vendor.CNpzJls-.js:107
[  196482ms] [WARNING] 

⚠️ Your `allowedTags` option includes, `style`, which is inherently
vulnerable to XSS attacks. Please remove it from `allowedTags`.
Or, to disable this warning, add the `allowVulnerableTags` option
and ensure you are accounting for this risk.

 @ https://www.msccruzeiros.com.br/app/js/vendor.CNpzJls-.js:107
[  196484ms] [WARNING] 

⚠️ Your `allowedTags` option includes, `style`, which is inherently
vulnerable to XSS attacks. Please remove it from `allowedTags`.
Or, to disable this warning, add the `allowVulnerableTags` option
and ensure you are accounting for this risk.

 @ https://www.msccruzeiros.com.br/app/js/vendor.CNpzJls-.js:107
[  196485ms] [WARNING] 

⚠️ Your `allowedTags` option includes, `style`, which is inherently
vulnerable to XSS attacks. Please remove it from `allowedTags`.
Or, to disable this warning, add the `allowVulnerableTags` option
and ensure you are accounting for this risk.

 @ https://www.msccruzeiros.com.br/app/js/vendor.CNpzJls-.js:107
[  196485ms] [WARNING] 

⚠️ Your `allowedTags` option includes, `style`, which is inherently
vulnerable to XSS attacks. Please remove it from `allowedTags`.
Or, to disable this warning, add the `allowVulnerableTags` option
and ensure you are accounting for this risk.

 @ https://www.msccruzeiros.com.br/app/js/vendor.CNpzJls-.js:107
[  196485ms] [WARNING] 

⚠️ Your `allowedTags` option includes, `style`, which is inherently
vulnerable to XSS attacks. Please remove it from `allowedTags`.
Or, to disable this warning, add the `allowVulnerableTags` option
and ensure you are accounting for this risk.

 @ https://www.msccruzeiros.com.br/app/js/vendor.CNpzJls-.js:107
[  196485ms] [WARNING] 

⚠️ Your `allowedTags` option includes, `style`, which is inherently
vulnerable to XSS attacks. Please remove it from `allowedTags`.
Or, to disable this warning, add the `allowVulnerableTags` option
and ensure you are accounting for this risk.

 @ https://www.msccruzeiros.com.br/app/js/vendor.CNpzJls-.js:107
[  196485ms] [WARNING] 

⚠️ Your `allowedTags` option includes, `style`, which is inherently
vulnerable to XSS attacks. Please remove it from `allowedTags`.
Or, to disable this warning, add the `allowVulnerableTags` option
and ensure you are accounting for this risk.

 @ https://www.msccruzeiros.com.br/app/js/vendor.CNpzJls-.js:107
[  196485ms] [WARNING] 

⚠️ Your `allowedTags` option includes, `style`, which is inherently
vulnerable to XSS attacks. Please remove it from `allowedTags`.
Or, to disable this warning, add the `allowVulnerableTags` option
and ensure you are accounting for this risk.

 @ https://www.msccruzeiros.com.br/app/js/vendor.CNpzJls-.js:107
[  196486ms] [WARNING] 

⚠️ Your `allowedTags` option includes, `style`, which is inherently
vulnerable to XSS attacks. Please remove it from `allowedTags`.
Or, to disable this warning, add the `allowVulnerableTags` option
and ensure you are accounting for this risk.

 @ https://www.msccruzeiros.com.br/app/js/vendor.CNpzJls-.js:107
[  196486ms] [WARNING] 

⚠️ Your `allowedTags` option includes, `style`, which is inherently
vulnerable to XSS attacks. Please remove it from `allowedTags`.
Or, to disable this warning, add the `allowVulnerableTags` option
and ensure you are accounting for this risk.

 @ https://www.msccruzeiros.com.br/app/js/vendor.CNpzJls-.js:107
[  196486ms] [WARNING] 

⚠️ Your `allowedTags` option includes, `style`, which is inherently
vulnerable to XSS attacks. Please remove it from `allowedTags`.
Or, to disable this warning, add the `allowVulnerableTags` option
and ensure you are accounting for this risk.

 @ https://www.msccruzeiros.com.br/app/js/vendor.CNpzJls-.js:107
[  196487ms] [WARNING] 

⚠️ Your `allowedTags` option includes, `style`, which is inherently
vulnerable to XSS attacks. Please remove it from `allowedTags`.
Or, to disable this warning, add the `allowVulnerableTags` option
and ensure you are accounting for this risk.

 @ https://www.msccruzeiros.com.br/app/js/vendor.CNpzJls-.js:107
[  196487ms] [WARNING] 

⚠️ Your `allowedTags` option includes, `style`, which is inherently
vulnerable to XSS attacks. Please remove it from `allowedTags`.
Or, to disable this warning, add the `allowVulnerableTags` option
and ensure you are accounting for this risk.

 @ https://www.msccruzeiros.com.br/app/js/vendor.CNpzJls-.js:107
[  196487ms] [WARNING] 

⚠️ Your `allowedTags` option includes, `style`, which is inherently
vulnerable to XSS attacks. Please remove it from `allowedTags`.
Or, to disable this warning, add the `allowVulnerableTags` option
and ensure you are accounting for this risk.

 @ https://www.msccruzeiros.com.br/app/js/vendor.CNpzJls-.js:107
[  196487ms] [WARNING] 

⚠️ Your `allowedTags` option includes, `style`, which is inherently
vulnerable to XSS attacks. Please remove it from `allowedTags`.
Or, to disable this warning, add the `allowVulnerableTags` option
and ensure you are accounting for this risk.

 @ https://www.msccruzeiros.com.br/app/js/vendor.CNpzJls-.js:107
[  196488ms] [WARNING] 

⚠️ Your `allowedTags` option includes, `style`, which is inherently
vulnerable to XSS attacks. Please remove it from `allowedTags`.
Or, to disable this warning, add the `allowVulnerableTags` option
and ensure you are accounting for this risk.

 @ https://www.msccruzeiros.com.br/app/js/vendor.CNpzJls-.js:107
[  196489ms] [WARNING] 

⚠️ Your `allowedTags` option includes, `style`, which is inherently
vulnerable to XSS attacks. Please remove it from `allowedTags`.
Or, to disable this warning, add the `allowVulnerableTags` option
and ensure you are accounting for this risk.

 @ https://www.msccruzeiros.com.br/app/js/vendor.CNpzJls-.js:107
[  196490ms] [WARNING] 

⚠️ Your `allowedTags` option includes, `style`, which is inherently
vulnerable to XSS attacks. Please remove it from `allowedTags`.
Or, to disable this warning, add the `allowVulnerableTags` option
and ensure you are accounting for this risk.

 @ https://www.msccruzeiros.com.br/app/js/vendor.CNpzJls-.js:107
[  196490ms] [WARNING] 

⚠️ Your `allowedTags` option includes, `style`, which is inherently
vulnerable to XSS attacks. Please remove it from `allowedTags`.
Or, to disable this warning, add the `allowVulnerableTags` option
and ensure you are accounting for this risk.

 @ https://www.msccruzeiros.com.br/app/js/vendor.CNpzJls-.js:107
[  196490ms] [WARNING] 

⚠️ Your `allowedTags` option includes, `style`, which is inherently
vulnerable to XSS attacks. Please remove it from `allowedTags`.
Or, to disable this warning, add the `allowVulnerableTags` option
and ensure you are accounting for this risk.

 @ https://www.msccruzeiros.com.br/app/js/vendor.CNpzJls-.js:107
[  196490ms] [WARNING] 

⚠️ Your `allowedTags` option includes, `style`, which is inherently
vulnerable to XSS attacks. Please remove it from `allowedTags`.
Or, to disable this warning, add the `allowVulnerableTags` option
and ensure you are accounting for this risk.

 @ https://www.msccruzeiros.com.br/app/js/vendor.CNpzJls-.js:107
[  196490ms] [WARNING] 

⚠️ Your `allowedTags` option includes, `style`, which is inherently
vulnerable to XSS attacks. Please remove it from `allowedTags`.
Or, to disable this warning, add the `allowVulnerableTags` option
and ensure you are accounting for this risk.

 @ https://www.msccruzeiros.com.br/app/js/vendor.CNpzJls-.js:107
[  196491ms] [WARNING] 

⚠️ Your `allowedTags` option includes, `style`, which is inherently
vulnerable to XSS attacks. Please remove it from `allowedTags`.
Or, to disable this warning, add the `allowVulnerableTags` option
and ensure you are accounting for this risk.

 @ https://www.msccruzeiros.com.br/app/js/vendor.CNpzJls-.js:107
[  196491ms] [WARNING] 

⚠️ Your `allowedTags` option includes, `style`, which is inherently
vulnerable to XSS attacks. Please remove it from `allowedTags`.
Or, to disable this warning, add the `allowVulnerableTags` option
and ensure you are accounting for this risk.

 @ https://www.msccruzeiros.com.br/app/js/vendor.CNpzJls-.js:107
[  196491ms] [WARNING] 

⚠️ Your `allowedTags` option includes, `style`, which is inherently
vulnerable to XSS attacks. Please remove it from `allowedTags`.
Or, to disable this warning, add the `allowVulnerableTags` option
and ensure you are accounting for this risk.

 @ https://www.msccruzeiros.com.br/app/js/vendor.CNpzJls-.js:107
[  196491ms] [WARNING] 

⚠️ Your `allowedTags` option includes, `style`, which is inherently
vulnerable to XSS attacks. Please remove it from `allowedTags`.
Or, to disable this warning, add the `allowVulnerableTags` option
and ensure you are accounting for this risk.

 @ https://www.msccruzeiros.com.br/app/js/vendor.CNpzJls-.js:107
[  196492ms] [WARNING] 

⚠️ Your `allowedTags` option includes, `style`, which is inherently
vulnerable to XSS attacks. Please remove it from `allowedTags`.
Or, to disable this warning, add the `allowVulnerableTags` option
and ensure you are accounting for this risk.

 @ https://www.msccruzeiros.com.br/app/js/vendor.CNpzJls-.js:107
[  196492ms] [WARNING] 

⚠️ Your `allowedTags` option includes, `style`, which is inherently
vulnerable to XSS attacks. Please remove it from `allowedTags`.
Or, to disable this warning, add the `allowVulnerableTags` option
and ensure you are accounting for this risk.

 @ https://www.msccruzeiros.com.br/app/js/vendor.CNpzJls-.js:107
[  196492ms] [WARNING] 

⚠️ Your `allowedTags` option includes, `style`, which is inherently
vulnerable to XSS attacks. Please remove it from `allowedTags`.
Or, to disable this warning, add the `allowVulnerableTags` option
and ensure you are accounting for this risk.

 @ https://www.msccruzeiros.com.br/app/js/vendor.CNpzJls-.js:107
[  196492ms] [WARNING] 

⚠️ Your `allowedTags` option includes, `style`, which is inherently
vulnerable to XSS attacks. Please remove it from `allowedTags`.
Or, to disable this warning, add the `allowVulnerableTags` option
and ensure you are accounting for this risk.

 @ https://www.msccruzeiros.com.br/app/js/vendor.CNpzJls-.js:107
[  196493ms] [WARNING] 

⚠️ Your `allowedTags` option includes, `style`, which is inherently
vulnerable to XSS attacks. Please remove it from `allowedTags`.
Or, to disable this warning, add the `allowVulnerableTags` option
and ensure you are accounting for this risk.

 @ https://www.msccruzeiros.com.br/app/js/vendor.CNpzJls-.js:107
[  196493ms] [WARNING] 

⚠️ Your `allowedTags` option includes, `style`, which is inherently
vulnerable to XSS attacks. Please remove it from `allowedTags`.
Or, to disable this warning, add the `allowVulnerableTags` option
and ensure you are accounting for this risk.

 @ https://www.msccruzeiros.com.br/app/js/vendor.CNpzJls-.js:107
[  196493ms] [WARNING] 

⚠️ Your `allowedTags` option includes, `style`, which is inherently
vulnerable to XSS attacks. Please remove it from `allowedTags`.
Or, to disable this warning, add the `allowVulnerableTags` option
and ensure you are accounting for this risk.

 @ https://www.msccruzeiros.com.br/app/js/vendor.CNpzJls-.js:107
[  196493ms] [WARNING] 

⚠️ Your `allowedTags` option includes, `style`, which is inherently
vulnerable to XSS attacks. Please remove it from `allowedTags`.
Or, to disable this warning, add the `allowVulnerableTags` option
and ensure you are accounting for this risk.

 @ https://www.msccruzeiros.com.br/app/js/vendor.CNpzJls-.js:107
[  196493ms] [WARNING] 

⚠️ Your `allowedTags` option includes, `style`, which is inherently
vulnerable to XSS attacks. Please remove it from `allowedTags`.
Or, to disable this warning, add the `allowVulnerableTags` option
and ensure you are accounting for this risk.

 @ https://www.msccruzeiros.com.br/app/js/vendor.CNpzJls-.js:107
[  196493ms] [WARNING] 

⚠️ Your `allowedTags` option includes, `style`, which is inherently
vulnerable to XSS attacks. Please remove it from `allowedTags`.
Or, to disable this warning, add the `allowVulnerableTags` option
and ensure you are accounting for this risk.

 @ https://www.msccruzeiros.com.br/app/js/vendor.CNpzJls-.js:107
[  196494ms] [WARNING] 

⚠️ Your `allowedTags` option includes, `style`, which is inherently
vulnerable to XSS attacks. Please remove it from `allowedTags`.
Or, to disable this warning, add the `allowVulnerableTags` option
and ensure you are accounting for this risk.

 @ https://www.msccruzeiros.com.br/app/js/vendor.CNpzJls-.js:107
[  196494ms] [WARNING] 

⚠️ Your `allowedTags` option includes, `style`, which is inherently
vulnerable to XSS attacks. Please remove it from `allowedTags`.
Or, to disable this warning, add the `allowVulnerableTags` option
and ensure you are accounting for this risk.

 @ https://www.msccruzeiros.com.br/app/js/vendor.CNpzJls-.js:107
[  196495ms] [WARNING] 

⚠️ Your `allowedTags` option includes, `style`, which is inherently
vulnerable to XSS attacks. Please remove it from `allowedTags`.
Or, to disable this warning, add the `allowVulnerableTags` option
and ensure you are accounting for this risk.

 @ https://www.msccruzeiros.com.br/app/js/vendor.CNpzJls-.js:107
[  196495ms] [WARNING] 

⚠️ Your `allowedTags` option includes, `style`, which is inherently
vulnerable to XSS attacks. Please remove it from `allowedTags`.
Or, to disable this warning, add the `allowVulnerableTags` option
and ensure you are accounting for this risk.

 @ https://www.msccruzeiros.com.br/app/js/vendor.CNpzJls-.js:107
[  196495ms] [WARNING] 

⚠️ Your `allowedTags` option includes, `style`, which is inherently
vulnerable to XSS attacks. Please remove it from `allowedTags`.
Or, to disable this warning, add the `allowVulnerableTags` option
and ensure you are accounting for this risk.

 @ https://www.msccruzeiros.com.br/app/js/vendor.CNpzJls-.js:107
[  196495ms] [WARNING] 

⚠️ Your `allowedTags` option includes, `style`, which is inherently
vulnerable to XSS attacks. Please remove it from `allowedTags`.
Or, to disable this warning, add the `allowVulnerableTags` option
and ensure you are accounting for this risk.

 @ https://www.msccruzeiros.com.br/app/js/vendor.CNpzJls-.js:107
[  196495ms] [WARNING] 

⚠️ Your `allowedTags` option includes, `style`, which is inherently
vulnerable to XSS attacks. Please remove it from `allowedTags`.
Or, to disable this warning, add the `allowVulnerableTags` option
and ensure you are accounting for this risk.

 @ https://www.msccruzeiros.com.br/app/js/vendor.CNpzJls-.js:107
[  196495ms] [WARNING] 

⚠️ Your `allowedTags` option includes, `style`, which is inherently
vulnerable to XSS attacks. Please remove it from `allowedTags`.
Or, to disable this warning, add the `allowVulnerableTags` option
and ensure you are accounting for this risk.

 @ https://www.msccruzeiros.com.br/app/js/vendor.CNpzJls-.js:107
[  196496ms] [WARNING] 

⚠️ Your `allowedTags` option includes, `style`, which is inherently
vulnerable to XSS attacks. Please remove it from `allowedTags`.
Or, to disable this warning, add the `allowVulnerableTags` option
and ensure you are accounting for this risk.

 @ https://www.msccruzeiros.com.br/app/js/vendor.CNpzJls-.js:107
[  238222ms] [WARNING] 

⚠️ Your `allowedTags` option includes, `style`, which is inherently
vulnerable to XSS attacks. Please remove it from `allowedTags`.
Or, to disable this warning, add the `allowVulnerableTags` option
and ensure you are accounting for this risk.

 @ https://www.msccruzeiros.com.br/app/js/vendor.CNpzJls-.js:107
[  238222ms] [WARNING] 

⚠️ Your `allowedTags` option includes, `style`, which is inherently
vulnerable to XSS attacks. Please remove it from `allowedTags`.
Or, to disable this warning, add the `allowVulnerableTags` option
and ensure you are accounting for this risk.

 @ https://www.msccruzeiros.com.br/app/js/vendor.CNpzJls-.js:107
[  238222ms] [WARNING] 

⚠️ Your `allowedTags` option includes, `style`, which is inherently
vulnerable to XSS attacks. Please remove it from `allowedTags`.
Or, to disable this warning, add the `allowVulnerableTags` option
and ensure you are accounting for this risk.

 @ https://www.msccruzeiros.com.br/app/js/vendor.CNpzJls-.js:107
[  238223ms] [WARNING] 

⚠️ Your `allowedTags` option includes, `style`, which is inherently
vulnerable to XSS attacks. Please remove it from `allowedTags`.
Or, to disable this warning, add the `allowVulnerableTags` option
and ensure you are accounting for this risk.

 @ https://www.msccruzeiros.com.br/app/js/vendor.CNpzJls-.js:107
[  238223ms] [WARNING] 

⚠️ Your `allowedTags` option includes, `style`, which is inherently
vulnerable to XSS attacks. Please remove it from `allowedTags`.
Or, to disable this warning, add the `allowVulnerableTags` option
and ensure you are accounting for this risk.

 @ https://www.msccruzeiros.com.br/app/js/vendor.CNpzJls-.js:107
[  238223ms] [WARNING] 

⚠️ Your `allowedTags` option includes, `style`, which is inherently
vulnerable to XSS attacks. Please remove it from `allowedTags`.
Or, to disable this warning, add the `allowVulnerableTags` option
and ensure you are accounting for this risk.

 @ https://www.msccruzeiros.com.br/app/js/vendor.CNpzJls-.js:107
[  238224ms] [WARNING] 

⚠️ Your `allowedTags` option includes, `style`, which is inherently
vulnerable to XSS attacks. Please remove it from `allowedTags`.
Or, to disable this warning, add the `allowVulnerableTags` option
and ensure you are accounting for this risk.

 @ https://www.msccruzeiros.com.br/app/js/vendor.CNpzJls-.js:107
[  238225ms] [WARNING] 

⚠️ Your `allowedTags` option includes, `style`, which is inherently
vulnerable to XSS attacks. Please remove it from `allowedTags`.
Or, to disable this warning, add the `allowVulnerableTags` option
and ensure you are accounting for this risk.

 @ https://www.msccruzeiros.com.br/app/js/vendor.CNpzJls-.js:107
[  238225ms] [WARNING] 

⚠️ Your `allowedTags` option includes, `style`, which is inherently
vulnerable to XSS attacks. Please remove it from `allowedTags`.
Or, to disable this warning, add the `allowVulnerableTags` option
and ensure you are accounting for this risk.

 @ https://www.msccruzeiros.com.br/app/js/vendor.CNpzJls-.js:107
[  238225ms] [WARNING] 

⚠️ Your `allowedTags` option includes, `style`, which is inherently
vulnerable to XSS attacks. Please remove it from `allowedTags`.
Or, to disable this warning, add the `allowVulnerableTags` option
and ensure you are accounting for this risk.

 @ https://www.msccruzeiros.com.br/app/js/vendor.CNpzJls-.js:107
[  238226ms] [WARNING] 

⚠️ Your `allowedTags` option includes, `style`, which is inherently
vulnerable to XSS attacks. Please remove it from `allowedTags`.
Or, to disable this warning, add the `allowVulnerableTags` option
and ensure you are accounting for this risk.

 @ https://www.msccruzeiros.com.br/app/js/vendor.CNpzJls-.js:107
[  238226ms] [WARNING] 

⚠️ Your `allowedTags` option includes, `style`, which is inherently
vulnerable to XSS attacks. Please remove it from `allowedTags`.
Or, to disable this warning, add the `allowVulnerableTags` option
and ensure you are accounting for this risk.

 @ https://www.msccruzeiros.com.br/app/js/vendor.CNpzJls-.js:107
[  238226ms] [WARNING] 

⚠️ Your `allowedTags` option includes, `style`, which is inherently
vulnerable to XSS attacks. Please remove it from `allowedTags`.
Or, to disable this warning, add the `allowVulnerableTags` option
and ensure you are accounting for this risk.

 @ https://www.msccruzeiros.com.br/app/js/vendor.CNpzJls-.js:107
[  238227ms] [WARNING] 

⚠️ Your `allowedTags` option includes, `style`, which is inherently
vulnerable to XSS attacks. Please remove it from `allowedTags`.
Or, to disable this warning, add the `allowVulnerableTags` option
and ensure you are accounting for this risk.

 @ https://www.msccruzeiros.com.br/app/js/vendor.CNpzJls-.js:107
[  238229ms] [WARNING] 

⚠️ Your `allowedTags` option includes, `style`, which is inherently
vulnerable to XSS attacks. Please remove it from `allowedTags`.
Or, to disable this warning, add the `allowVulnerableTags` option
and ensure you are accounting for this risk.

 @ https://www.msccruzeiros.com.br/app/js/vendor.CNpzJls-.js:107
[  238229ms] [WARNING] 

⚠️ Your `allowedTags` option includes, `style`, which is inherently
vulnerable to XSS attacks. Please remove it from `allowedTags`.
Or, to disable this warning, add the `allowVulnerableTags` option
and ensure you are accounting for this risk.

 @ https://www.msccruzeiros.com.br/app/js/vendor.CNpzJls-.js:107
[  238229ms] [WARNING] 

⚠️ Your `allowedTags` option includes, `style`, which is inherently
vulnerable to XSS attacks. Please remove it from `allowedTags`.
Or, to disable this warning, add the `allowVulnerableTags` option
and ensure you are accounting for this risk.

 @ https://www.msccruzeiros.com.br/app/js/vendor.CNpzJls-.js:107
[  238229ms] [WARNING] 

⚠️ Your `allowedTags` option includes, `style`, which is inherently
vulnerable to XSS attacks. Please remove it from `allowedTags`.
Or, to disable this warning, add the `allowVulnerableTags` option
and ensure you are accounting for this risk.

 @ https://www.msccruzeiros.com.br/app/js/vendor.CNpzJls-.js:107
[  238229ms] [WARNING] 

⚠️ Your `allowedTags` option includes, `style`, which is inherently
vulnerable to XSS attacks. Please remove it from `allowedTags`.
Or, to disable this warning, add the `allowVulnerableTags` option
and ensure you are accounting for this risk.

 @ https://www.msccruzeiros.com.br/app/js/vendor.CNpzJls-.js:107
[  238229ms] [WARNING] 

⚠️ Your `allowedTags` option includes, `style`, which is inherently
vulnerable to XSS attacks. Please remove it from `allowedTags`.
Or, to disable this warning, add the `allowVulnerableTags` option
and ensure you are accounting for this risk.

 @ https://www.msccruzeiros.com.br/app/js/vendor.CNpzJls-.js:107
[  238231ms] [WARNING] 

⚠️ Your `allowedTags` option includes, `style`, which is inherently
vulnerable to XSS attacks. Please remove it from `allowedTags`.
Or, to disable this warning, add the `allowVulnerableTags` option
and ensure you are accounting for this risk.

 @ https://www.msccruzeiros.com.br/app/js/vendor.CNpzJls-.js:107
[  238232ms] [WARNING] 

⚠️ Your `allowedTags` option includes, `style`, which is inherently
vulnerable to XSS attacks. Please remove it from `allowedTags`.
Or, to disable this warning, add the `allowVulnerableTags` option
and ensure you are accounting for this risk.

 @ https://www.msccruzeiros.com.br/app/js/vendor.CNpzJls-.js:107
[  238233ms] [WARNING] 

⚠️ Your `allowedTags` option includes, `style`, which is inherently
vulnerable to XSS attacks. Please remove it from `allowedTags`.
Or, to disable this warning, add the `allowVulnerableTags` option
and ensure you are accounting for this risk.

 @ https://www.msccruzeiros.com.br/app/js/vendor.CNpzJls-.js:107
[  238233ms] [WARNING] 

⚠️ Your `allowedTags` option includes, `style`, which is inherently
vulnerable to XSS attacks. Please remove it from `allowedTags`.
Or, to disable this warning, add the `allowVulnerableTags` option
and ensure you are accounting for this risk.

 @ https://www.msccruzeiros.com.br/app/js/vendor.CNpzJls-.js:107
[  238233ms] [WARNING] 

⚠️ Your `allowedTags` option includes, `style`, which is inherently
vulnerable to XSS attacks. Please remove it from `allowedTags`.
Or, to disable this warning, add the `allowVulnerableTags` option
and ensure you are accounting for this risk.

 @ https://www.msccruzeiros.com.br/app/js/vendor.CNpzJls-.js:107
[  238233ms] [WARNING] 

⚠️ Your `allowedTags` option includes, `style`, which is inherently
vulnerable to XSS attacks. Please remove it from `allowedTags`.
Or, to disable this warning, add the `allowVulnerableTags` option
and ensure you are accounting for this risk.

 @ https://www.msccruzeiros.com.br/app/js/vendor.CNpzJls-.js:107
[  238233ms] [WARNING] 

⚠️ Your `allowedTags` option includes, `style`, which is inherently
vulnerable to XSS attacks. Please remove it from `allowedTags`.
Or, to disable this warning, add the `allowVulnerableTags` option
and ensure you are accounting for this risk.

 @ https://www.msccruzeiros.com.br/app/js/vendor.CNpzJls-.js:107
[  238234ms] [WARNING] 

⚠️ Your `allowedTags` option includes, `style`, which is inherently
vulnerable to XSS attacks. Please remove it from `allowedTags`.
Or, to disable this warning, add the `allowVulnerableTags` option
and ensure you are accounting for this risk.

 @ https://www.msccruzeiros.com.br/app/js/vendor.CNpzJls-.js:107
[  238236ms] [WARNING] 

⚠️ Your `allowedTags` option includes, `style`, which is inherently
vulnerable to XSS attacks. Please remove it from `allowedTags`.
Or, to disable this warning, add the `allowVulnerableTags` option
and ensure you are accounting for this risk.

 @ https://www.msccruzeiros.com.br/app/js/vendor.CNpzJls-.js:107
[  238236ms] [WARNING] 

⚠️ Your `allowedTags` option includes, `style`, which is inherently
vulnerable to XSS attacks. Please remove it from `allowedTags`.
Or, to disable this warning, add the `allowVulnerableTags` option
and ensure you are accounting for this risk.

 @ https://www.msccruzeiros.com.br/app/js/vendor.CNpzJls-.js:107
[  238236ms] [WARNING] 

⚠️ Your `allowedTags` option includes, `style`, which is inherently
vulnerable to XSS attacks. Please remove it from `allowedTags`.
Or, to disable this warning, add the `allowVulnerableTags` option
and ensure you are accounting for this risk.

 @ https://www.msccruzeiros.com.br/app/js/vendor.CNpzJls-.js:107
[  238236ms] [WARNING] 

⚠️ Your `allowedTags` option includes, `style`, which is inherently
vulnerable to XSS attacks. Please remove it from `allowedTags`.
Or, to disable this warning, add the `allowVulnerableTags` option
and ensure you are accounting for this risk.

 @ https://www.msccruzeiros.com.br/app/js/vendor.CNpzJls-.js:107
[  238236ms] [WARNING] 

⚠️ Your `allowedTags` option includes, `style`, which is inherently
vulnerable to XSS attacks. Please remove it from `allowedTags`.
Or, to disable this warning, add the `allowVulnerableTags` option
and ensure you are accounting for this risk.

 @ https://www.msccruzeiros.com.br/app/js/vendor.CNpzJls-.js:107
[  238236ms] [WARNING] 

⚠️ Your `allowedTags` option includes, `style`, which is inherently
vulnerable to XSS attacks. Please remove it from `allowedTags`.
Or, to disable this warning, add the `allowVulnerableTags` option
and ensure you are accounting for this risk.

 @ https://www.msccruzeiros.com.br/app/js/vendor.CNpzJls-.js:107
[  238237ms] [WARNING] 

⚠️ Your `allowedTags` option includes, `style`, which is inherently
vulnerable to XSS attacks. Please remove it from `allowedTags`.
Or, to disable this warning, add the `allowVulnerableTags` option
and ensure you are accounting for this risk.

 @ https://www.msccruzeiros.com.br/app/js/vendor.CNpzJls-.js:107
[  238238ms] [WARNING] 

⚠️ Your `allowedTags` option includes, `style`, which is inherently
vulnerable to XSS attacks. Please remove it from `allowedTags`.
Or, to disable this warning, add the `allowVulnerableTags` option
and ensure you are accounting for this risk.

 @ https://www.msccruzeiros.com.br/app/js/vendor.CNpzJls-.js:107
[  238239ms] [WARNING] 

⚠️ Your `allowedTags` option includes, `style`, which is inherently
vulnerable to XSS attacks. Please remove it from `allowedTags`.
Or, to disable this warning, add the `allowVulnerableTags` option
and ensure you are accounting for this risk.

 @ https://www.msccruzeiros.com.br/app/js/vendor.CNpzJls-.js:107
[  238239ms] [WARNING] 

⚠️ Your `allowedTags` option includes, `style`, which is inherently
vulnerable to XSS attacks. Please remove it from `allowedTags`.
Or, to disable this warning, add the `allowVulnerableTags` option
and ensure you are accounting for this risk.

 @ https://www.msccruzeiros.com.br/app/js/vendor.CNpzJls-.js:107
[  238239ms] [WARNING] 

⚠️ Your `allowedTags` option includes, `style`, which is inherently
vulnerable to XSS attacks. Please remove it from `allowedTags`.
Or, to disable this warning, add the `allowVulnerableTags` option
and ensure you are accounting for this risk.

 @ https://www.msccruzeiros.com.br/app/js/vendor.CNpzJls-.js:107
[  238239ms] [WARNING] 

⚠️ Your `allowedTags` option includes, `style`, which is inherently
vulnerable to XSS attacks. Please remove it from `allowedTags`.
Or, to disable this warning, add the `allowVulnerableTags` option
and ensure you are accounting for this risk.

 @ https://www.msccruzeiros.com.br/app/js/vendor.CNpzJls-.js:107
[  238239ms] [WARNING] 

⚠️ Your `allowedTags` option includes, `style`, which is inherently
vulnerable to XSS attacks. Please remove it from `allowedTags`.
Or, to disable this warning, add the `allowVulnerableTags` option
and ensure you are accounting for this risk.

 @ https://www.msccruzeiros.com.br/app/js/vendor.CNpzJls-.js:107
[  238239ms] [WARNING] 

⚠️ Your `allowedTags` option includes, `style`, which is inherently
vulnerable to XSS attacks. Please remove it from `allowedTags`.
Or, to disable this warning, add the `allowVulnerableTags` option
and ensure you are accounting for this risk.

 @ https://www.msccruzeiros.com.br/app/js/vendor.CNpzJls-.js:107
[  238240ms] [WARNING] 

⚠️ Your `allowedTags` option includes, `style`, which is inherently
vulnerable to XSS attacks. Please remove it from `allowedTags`.
Or, to disable this warning, add the `allowVulnerableTags` option
and ensure you are accounting for this risk.

 @ https://www.msccruzeiros.com.br/app/js/vendor.CNpzJls-.js:107
[  238242ms] [WARNING] 

⚠️ Your `allowedTags` option includes, `style`, which is inherently
vulnerable to XSS attacks. Please remove it from `allowedTags`.
Or, to disable this warning, add the `allowVulnerableTags` option
and ensure you are accounting for this risk.

 @ https://www.msccruzeiros.com.br/app/js/vendor.CNpzJls-.js:107
[  238242ms] [WARNING] 

⚠️ Your `allowedTags` option includes, `style`, which is inherently
vulnerable to XSS attacks. Please remove it from `allowedTags`.
Or, to disable this warning, add the `allowVulnerableTags` option
and ensure you are accounting for this risk.

 @ https://www.msccruzeiros.com.br/app/js/vendor.CNpzJls-.js:107
[  238242ms] [WARNING] 

⚠️ Your `allowedTags` option includes, `style`, which is inherently
vulnerable to XSS attacks. Please remove it from `allowedTags`.
Or, to disable this warning, add the `allowVulnerableTags` option
and ensure you are accounting for this risk.

 @ https://www.msccruzeiros.com.br/app/js/vendor.CNpzJls-.js:107
[  238243ms] [WARNING] 

⚠️ Your `allowedTags` option includes, `style`, which is inherently
vulnerable to XSS attacks. Please remove it from `allowedTags`.
Or, to disable this warning, add the `allowVulnerableTags` option
and ensure you are accounting for this risk.

 @ https://www.msccruzeiros.com.br/app/js/vendor.CNpzJls-.js:107
[  238243ms] [WARNING] 

⚠️ Your `allowedTags` option includes, `style`, which is inherently
vulnerable to XSS attacks. Please remove it from `allowedTags`.
Or, to disable this warning, add the `allowVulnerableTags` option
and ensure you are accounting for this risk.

 @ https://www.msccruzeiros.com.br/app/js/vendor.CNpzJls-.js:107
[  238245ms] [WARNING] 

⚠️ Your `allowedTags` option includes, `style`, which is inherently
vulnerable to XSS attacks. Please remove it from `allowedTags`.
Or, to disable this warning, add the `allowVulnerableTags` option
and ensure you are accounting for this risk.

 @ https://www.msccruzeiros.com.br/app/js/vendor.CNpzJls-.js:107
[  238245ms] [WARNING] 

⚠️ Your `allowedTags` option includes, `style`, which is inherently
vulnerable to XSS attacks. Please remove it from `allowedTags`.
Or, to disable this warning, add the `allowVulnerableTags` option
and ensure you are accounting for this risk.

 @ https://www.msccruzeiros.com.br/app/js/vendor.CNpzJls-.js:107
[  238853ms] [ERROR] Failed to load resource: net::ERR_CERT_DATE_INVALID @ https://tiy.msccruzeiros.com.br/js/na/na/u/db29a9a21e.js:0
[  238861ms] [WARNING] 

⚠️ Your `allowedTags` option includes, `style`, which is inherently
vulnerable to XSS attacks. Please remove it from `allowedTags`.
Or, to disable this warning, add the `allowVulnerableTags` option
and ensure you are accounting for this risk.

 @ https://www.msccruzeiros.com.br/app/js/vendor.CNpzJls-.js:107
[  238861ms] [WARNING] 

⚠️ Your `allowedTags` option includes, `style`, which is inherently
vulnerable to XSS attacks. Please remove it from `allowedTags`.
Or, to disable this warning, add the `allowVulnerableTags` option
and ensure you are accounting for this risk.

 @ https://www.msccruzeiros.com.br/app/js/vendor.CNpzJls-.js:107
[  238862ms] [WARNING] 

⚠️ Your `allowedTags` option includes, `style`, which is inherently
vulnerable to XSS attacks. Please remove it from `allowedTags`.
Or, to disable this warning, add the `allowVulnerableTags` option
and ensure you are accounting for this risk.

 @ https://www.msccruzeiros.com.br/app/js/vendor.CNpzJls-.js:107
[  238862ms] [WARNING] 

⚠️ Your `allowedTags` option includes, `style`, which is inherently
vulnerable to XSS attacks. Please remove it from `allowedTags`.
Or, to disable this warning, add the `allowVulnerableTags` option
and ensure you are accounting for this risk.

 @ https://www.msccruzeiros.com.br/app/js/vendor.CNpzJls-.js:107
[  238862ms] [WARNING] 

⚠️ Your `allowedTags` option includes, `style`, which is inherently
vulnerable to XSS attacks. Please remove it from `allowedTags`.
Or, to disable this warning, add the `allowVulnerableTags` option
and ensure you are accounting for this risk.

 @ https://www.msccruzeiros.com.br/app/js/vendor.CNpzJls-.js:107
[  238862ms] [WARNING] 

⚠️ Your `allowedTags` option includes, `style`, which is inherently
vulnerable to XSS attacks. Please remove it from `allowedTags`.
Or, to disable this warning, add the `allowVulnerableTags` option
and ensure you are accounting for this risk.

 @ https://www.msccruzeiros.com.br/app/js/vendor.CNpzJls-.js:107
[  238863ms] [WARNING] 

⚠️ Your `allowedTags` option includes, `style`, which is inherently
vulnerable to XSS attacks. Please remove it from `allowedTags`.
Or, to disable this warning, add the `allowVulnerableTags` option
and ensure you are accounting for this risk.

 @ https://www.msccruzeiros.com.br/app/js/vendor.CNpzJls-.js:107
[  238863ms] [WARNING] 

⚠️ Your `allowedTags` option includes, `style`, which is inherently
vulnerable to XSS attacks. Please remove it from `allowedTags`.
Or, to disable this warning, add the `allowVulnerableTags` option
and ensure you are accounting for this risk.

 @ https://www.msccruzeiros.com.br/app/js/vendor.CNpzJls-.js:107
[  238863ms] [WARNING] 

⚠️ Your `allowedTags` option includes, `style`, which is inherently
vulnerable to XSS attacks. Please remove it from `allowedTags`.
Or, to disable this warning, add the `allowVulnerableTags` option
and ensure you are accounting for this risk.

 @ https://www.msccruzeiros.com.br/app/js/vendor.CNpzJls-.js:107
[  238863ms] [WARNING] 

⚠️ Your `allowedTags` option includes, `style`, which is inherently
vulnerable to XSS attacks. Please remove it from `allowedTags`.
Or, to disable this warning, add the `allowVulnerableTags` option
and ensure you are accounting for this risk.

 @ https://www.msccruzeiros.com.br/app/js/vendor.CNpzJls-.js:107
[  238864ms] [WARNING] 

⚠️ Your `allowedTags` option includes, `style`, which is inherently
vulnerable to XSS attacks. Please remove it from `allowedTags`.
Or, to disable this warning, add the `allowVulnerableTags` option
and ensure you are accounting for this risk.

 @ https://www.msccruzeiros.com.br/app/js/vendor.CNpzJls-.js:107
[  238864ms] [WARNING] 

⚠️ Your `allowedTags` option includes, `style`, which is inherently
vulnerable to XSS attacks. Please remove it from `allowedTags`.
Or, to disable this warning, add the `allowVulnerableTags` option
and ensure you are accounting for this risk.

 @ https://www.msccruzeiros.com.br/app/js/vendor.CNpzJls-.js:107
[  238864ms] [WARNING] 

⚠️ Your `allowedTags` option includes, `style`, which is inherently
vulnerable to XSS attacks. Please remove it from `allowedTags`.
Or, to disable this warning, add the `allowVulnerableTags` option
and ensure you are accounting for this risk.

 @ https://www.msccruzeiros.com.br/app/js/vendor.CNpzJls-.js:107
[  238865ms] [WARNING] 

⚠️ Your `allowedTags` option includes, `style`, which is inherently
vulnerable to XSS attacks. Please remove it from `allowedTags`.
Or, to disable this warning, add the `allowVulnerableTags` option
and ensure you are accounting for this risk.

 @ https://www.msccruzeiros.com.br/app/js/vendor.CNpzJls-.js:107
[  238865ms] [WARNING] 

⚠️ Your `allowedTags` option includes, `style`, which is inherently
vulnerable to XSS attacks. Please remove it from `allowedTags`.
Or, to disable this warning, add the `allowVulnerableTags` option
and ensure you are accounting for this risk.

 @ https://www.msccruzeiros.com.br/app/js/vendor.CNpzJls-.js:107
[  238865ms] [WARNING] 

⚠️ Your `allowedTags` option includes, `style`, which is inherently
vulnerable to XSS attacks. Please remove it from `allowedTags`.
Or, to disable this warning, add the `allowVulnerableTags` option
and ensure you are accounting for this risk.

 @ https://www.msccruzeiros.com.br/app/js/vendor.CNpzJls-.js:107
[  238865ms] [WARNING] 

⚠️ Your `allowedTags` option includes, `style`, which is inherently
vulnerable to XSS attacks. Please remove it from `allowedTags`.
Or, to disable this warning, add the `allowVulnerableTags` option
and ensure you are accounting for this risk.

 @ https://www.msccruzeiros.com.br/app/js/vendor.CNpzJls-.js:107
[  238865ms] [WARNING] 

⚠️ Your `allowedTags` option includes, `style`, which is inherently
vulnerable to XSS attacks. Please remove it from `allowedTags`.
Or, to disable this warning, add the `allowVulnerableTags` option
and ensure you are accounting for this risk.

 @ https://www.msccruzeiros.com.br/app/js/vendor.CNpzJls-.js:107
[  238865ms] [WARNING] 

⚠️ Your `allowedTags` option includes, `style`, which is inherently
vulnerable to XSS attacks. Please remove it from `allowedTags`.
Or, to disable this warning, add the `allowVulnerableTags` option
and ensure you are accounting for this risk.

 @ https://www.msccruzeiros.com.br/app/js/vendor.CNpzJls-.js:107
[  238865ms] [WARNING] 

⚠️ Your `allowedTags` option includes, `style`, which is inherently
vulnerable to XSS attacks. Please remove it from `allowedTags`.
Or, to disable this warning, add the `allowVulnerableTags` option
and ensure you are accounting for this risk.

 @ https://www.msccruzeiros.com.br/app/js/vendor.CNpzJls-.js:107
[  238866ms] [WARNING] 

⚠️ Your `allowedTags` option includes, `style`, which is inherently
vulnerable to XSS attacks. Please remove it from `allowedTags`.
Or, to disable this warning, add the `allowVulnerableTags` option
and ensure you are accounting for this risk.

 @ https://www.msccruzeiros.com.br/app/js/vendor.CNpzJls-.js:107
[  238918ms] ReferenceError: KWKUniJS is not defined
    at <anonymous>:1:1
    at https://www.googletagmanager.com/gtm.js?id=GTM-KZRV688&gtm=4e6711:948:429
    at xS (https://www.googletagmanager.com/gtm.js?id=GTM-KZRV688&gtm=4e6711:950:31)
    at Ld.wS (https://www.googletagmanager.com/gtm.js?id=GTM-KZRV688&gtm=4e6711:947:95)
    at Ld.<anonymous> (https://www.googletagmanager.com/gtm.js?id=GTM-KZRV688&gtm=4e6711:353:187)
    at k.apply (https://www.googletagmanager.com/gtm.js?id=GTM-KZRV688&gtm=4e6711:275:465)
    at gb (https://www.googletagmanager.com/gtm.js?id=GTM-KZRV688&gtm=4e6711:237:719)
    at fb (https://www.googletagmanager.com/gtm.js?id=GTM-KZRV688&gtm=4e6711:237:470)
    at Ld.<anonymous> (https://www.googletagmanager.com/gtm.js?id=GTM-KZRV688&gtm=4e6711:299:473)
    at k.apply (https://www.googletagmanager.com/gtm.js?id=GTM-KZRV688&gtm=4e6711:275:465)
[  247071ms] [WARNING] The resource https://try.abtasty.com/shared/jquery.5434730a34a3135b52f6.js was preloaded using link preload but not used within a few seconds from the window's load event. Please make sure it has an appropriate `as` value and it is preloaded intentionally. @ https://www.msccruzeiros.com.br/ofertas/3-e-4-hospedes-viajam-gratis?utm_source=google&utm_medium=cpc&utm_campaign=77_br_bra_search_google_conv_52_brand_terms_broad&utm_content=77_br_bra_search_google_conv_52_brand_terms_phrase_ship_armonia&utm_term=msc+armonia&gad_source=1&gad_campaignid=20707414525&gbraid=0AAAAAD5vwAIsm9pGEBoSevjwgAfmxrIJh&gclid=EAIaIQobChMIn-XdsvDAlQMVyE5IAB0v7QWaEAAYASAAEgKbcvD_BwE&departureDateFrom=16%2F11%2F2026&departureDateTo=10%2F12%2F2026&passengers=2%7C0%7C0%7C0&area=SOA&embkPort=SSZ&ships=MU:0
[  250310ms] [WARNING] The resource https://try.abtasty.com/shared/jquery.5434730a34a3135b52f6.js was preloaded using link preload but not used within a few seconds from the window's load event. Please make sure it has an appropriate `as` value and it is preloaded intentionally. @ https://www.msccruzeiros.com.br/ofertas/3-e-4-hospedes-viajam-gratis?utm_source=google&utm_medium=cpc&utm_campaign=77_br_bra_search_google_conv_52_brand_terms_broad&utm_content=77_br_bra_search_google_conv_52_brand_terms_phrase_ship_armonia&utm_term=msc+armonia&gad_source=1&gad_campaignid=20707414525&gbraid=0AAAAAD5vwAIsm9pGEBoSevjwgAfmxrIJh&gclid=EAIaIQobChMIn-XdsvDAlQMVyE5IAB0v7QWaEAAYASAAEgKbcvD_BwE&departureDateFrom=16%2F11%2F2026&departureDateTo=10%2F12%2F2026&passengers=2%7C0%7C0%7C0&area=SOA&embkPort=SSZ&ships=MU:0
[  268961ms] [WARNING] 

⚠️ Your `allowedTags` option includes, `style`, which is inherently
vulnerable to XSS attacks. Please remove it from `allowedTags`.
Or, to disable this warning, add the `allowVulnerableTags` option
and ensure you are accounting for this risk.

 @ https://www.msccruzeiros.com.br/app/js/vendor.CNpzJls-.js:107
[  268961ms] [WARNING] 

⚠️ Your `allowedTags` option includes, `style`, which is inherently
vulnerable to XSS attacks. Please remove it from `allowedTags`.
Or, to disable this warning, add the `allowVulnerableTags` option
and ensure you are accounting for this risk.

 @ https://www.msccruzeiros.com.br/app/js/vendor.CNpzJls-.js:107
[  268961ms] [WARNING] 

⚠️ Your `allowedTags` option includes, `style`, which is inherently
vulnerable to XSS attacks. Please remove it from `allowedTags`.
Or, to disable this warning, add the `allowVulnerableTags` option
and ensure you are accounting for this risk.

 @ https://www.msccruzeiros.com.br/app/js/vendor.CNpzJls-.js:107
[  268962ms] [WARNING] 

⚠️ Your `allowedTags` option includes, `style`, which is inherently
vulnerable to XSS attacks. Please remove it from `allowedTags`.
Or, to disable this warning, add the `allowVulnerableTags` option
and ensure you are accounting for this risk.

 @ https://www.msccruzeiros.com.br/app/js/vendor.CNpzJls-.js:107
[  268962ms] [WARNING] 

⚠️ Your `allowedTags` option includes, `style`, which is inherently
vulnerable to XSS attacks. Please remove it from `allowedTags`.
Or, to disable this warning, add the `allowVulnerableTags` option
and ensure you are accounting for this risk.

 @ https://www.msccruzeiros.com.br/app/js/vendor.CNpzJls-.js:107
[  268962ms] [WARNING] 

⚠️ Your `allowedTags` option includes, `style`, which is inherently
vulnerable to XSS attacks. Please remove it from `allowedTags`.
Or, to disable this warning, add the `allowVulnerableTags` option
and ensure you are accounting for this risk.

 @ https://www.msccruzeiros.com.br/app/js/vendor.CNpzJls-.js:107
[  268963ms] [WARNING] 

⚠️ Your `allowedTags` option includes, `style`, which is inherently
vulnerable to XSS attacks. Please remove it from `allowedTags`.
Or, to disable this warning, add the `allowVulnerableTags` option
and ensure you are accounting for this risk.

 @ https://www.msccruzeiros.com.br/app/js/vendor.CNpzJls-.js:107
[  268963ms] [WARNING] 

⚠️ Your `allowedTags` option includes, `style`, which is inherently
vulnerable to XSS attacks. Please remove it from `allowedTags`.
Or, to disable this warning, add the `allowVulnerableTags` option
and ensure you are accounting for this risk.

 @ https://www.msccruzeiros.com.br/app/js/vendor.CNpzJls-.js:107
[  268963ms] [WARNING] 

⚠️ Your `allowedTags` option includes, `style`, which is inherently
vulnerable to XSS attacks. Please remove it from `allowedTags`.
Or, to disable this warning, add the `allowVulnerableTags` option
and ensure you are accounting for this risk.

 @ https://www.msccruzeiros.com.br/app/js/vendor.CNpzJls-.js:107
[  268963ms] [WARNING] 

⚠️ Your `allowedTags` option includes, `style`, which is inherently
vulnerable to XSS attacks. Please remove it from `allowedTags`.
Or, to disable this warning, add the `allowVulnerableTags` option
and ensure you are accounting for this risk.

 @ https://www.msccruzeiros.com.br/app/js/vendor.CNpzJls-.js:107
[  268963ms] [WARNING] 

⚠️ Your `allowedTags` option includes, `style`, which is inherently
vulnerable to XSS attacks. Please remove it from `allowedTags`.
Or, to disable this warning, add the `allowVulnerableTags` option
and ensure you are accounting for this risk.

 @ https://www.msccruzeiros.com.br/app/js/vendor.CNpzJls-.js:107
[  268964ms] [WARNING] 

⚠️ Your `allowedTags` option includes, `style`, which is inherently
vulnerable to XSS attacks. Please remove it from `allowedTags`.
Or, to disable this warning, add the `allowVulnerableTags` option
and ensure you are accounting for this risk.

 @ https://www.msccruzeiros.com.br/app/js/vendor.CNpzJls-.js:107
[  268964ms] [WARNING] 

⚠️ Your `allowedTags` option includes, `style`, which is inherently
vulnerable to XSS attacks. Please remove it from `allowedTags`.
Or, to disable this warning, add the `allowVulnerableTags` option
and ensure you are accounting for this risk.

 @ https://www.msccruzeiros.com.br/app/js/vendor.CNpzJls-.js:107
[  268965ms] [WARNING] 

⚠️ Your `allowedTags` option includes, `style`, which is inherently
vulnerable to XSS attacks. Please remove it from `allowedTags`.
Or, to disable this warning, add the `allowVulnerableTags` option
and ensure you are accounting for this risk.

 @ https://www.msccruzeiros.com.br/app/js/vendor.CNpzJls-.js:107
[  268965ms] [WARNING] 

⚠️ Your `allowedTags` option includes, `style`, which is inherently
vulnerable to XSS attacks. Please remove it from `allowedTags`.
Or, to disable this warning, add the `allowVulnerableTags` option
and ensure you are accounting for this risk.

 @ https://www.msccruzeiros.com.br/app/js/vendor.CNpzJls-.js:107
[  268965ms] [WARNING] 

⚠️ Your `allowedTags` option includes, `style`, which is inherently
vulnerable to XSS attacks. Please remove it from `allowedTags`.
Or, to disable this warning, add the `allowVulnerableTags` option
and ensure you are accounting for this risk.

 @ https://www.msccruzeiros.com.br/app/js/vendor.CNpzJls-.js:107
[  268965ms] [WARNING] 

⚠️ Your `allowedTags` option includes, `style`, which is inherently
vulnerable to XSS attacks. Please remove it from `allowedTags`.
Or, to disable this warning, add the `allowVulnerableTags` option
and ensure you are accounting for this risk.

 @ https://www.msccruzeiros.com.br/app/js/vendor.CNpzJls-.js:107
[  268965ms] [WARNING] 

⚠️ Your `allowedTags` option includes, `style`, which is inherently
vulnerable to XSS attacks. Please remove it from `allowedTags`.
Or, to disable this warning, add the `allowVulnerableTags` option
and ensure you are accounting for this risk.

 @ https://www.msccruzeiros.com.br/app/js/vendor.CNpzJls-.js:107
[  268965ms] [WARNING] 

⚠️ Your `allowedTags` option includes, `style`, which is inherently
vulnerable to XSS attacks. Please remove it from `allowedTags`.
Or, to disable this warning, add the `allowVulnerableTags` option
and ensure you are accounting for this risk.

 @ https://www.msccruzeiros.com.br/app/js/vendor.CNpzJls-.js:107
[  268966ms] [WARNING] 

⚠️ Your `allowedTags` option includes, `style`, which is inherently
vulnerable to XSS attacks. Please remove it from `allowedTags`.
Or, to disable this warning, add the `allowVulnerableTags` option
and ensure you are accounting for this risk.

 @ https://www.msccruzeiros.com.br/app/js/vendor.CNpzJls-.js:107
[  268966ms] [WARNING] 

⚠️ Your `allowedTags` option includes, `style`, which is inherently
vulnerable to XSS attacks. Please remove it from `allowedTags`.
Or, to disable this warning, add the `allowVulnerableTags` option
and ensure you are accounting for this risk.

 @ https://www.msccruzeiros.com.br/app/js/vendor.CNpzJls-.js:107
[  269136ms] [ERROR] Failed to load resource: net::ERR_CERT_DATE_INVALID @ https://tiy.msccruzeiros.com.br/js/na/na/u/db29a9a21e.js:0
[  269137ms] ReferenceError: KWKUniJS is not defined
    at <anonymous>:1:1
    at https://www.googletagmanager.com/gtm.js?id=GTM-KZRV688&gtm=4e6711:948:429
    at xS (https://www.googletagmanager.com/gtm.js?id=GTM-KZRV688&gtm=4e6711:950:31)
    at Ld.wS (https://www.googletagmanager.com/gtm.js?id=GTM-KZRV688&gtm=4e6711:947:95)
    at Ld.<anonymous> (https://www.googletagmanager.com/gtm.js?id=GTM-KZRV688&gtm=4e6711:353:187)
    at k.apply (https://www.googletagmanager.com/gtm.js?id=GTM-KZRV688&gtm=4e6711:275:465)
    at gb (https://www.googletagmanager.com/gtm.js?id=GTM-KZRV688&gtm=4e6711:237:719)
    at fb (https://www.googletagmanager.com/gtm.js?id=GTM-KZRV688&gtm=4e6711:237:470)
    at Ld.<anonymous> (https://www.googletagmanager.com/gtm.js?id=GTM-KZRV688&gtm=4e6711:299:473)
    at k.apply (https://www.googletagmanager.com/gtm.js?id=GTM-KZRV688&gtm=4e6711:275:465)
[  277912ms] [ERROR] Error with Permissions-Policy header: Parse of permissions policy failed because of errors reported by structured header parser. @ :0
[  277916ms] [WARNING] <link rel=preload> has an invalid `href` value @ https://www.msccruzeiros.com.br/:5
[  277916ms] [WARNING] <link rel=preload> has an invalid `href` value @ https://www.msccruzeiros.com.br/:6
[  277923ms] [LOG] smetrics.msccruzeiros.com.br @ https://assets.adobedtm.com/e89550510280/83e8aacd5ad3/launch-8a896a2706b5.min.js:1
[  277949ms] [INFO] [FPID 8.2] Platform detected: sitecore @ :20
[  277949ms] [LOG] fpid fix code fired @ :1
[  278071ms] TypeError: n.includes is not a function
    at navigator.serviceWorker.__proto__.register (https://www.msccruzeiros.com.br/:20:1936)
    at https://static.fanplayr.com/client/sw-load.js:26:33
    at https://static.fanplayr.com/client/sw-load.js:39:2
[  278439ms] [INFO] [FPID] Pushed to dataLayer: 1da58430-e8ef-4688-89cb-bedb6e9e7db0 @ https://www.msccruzeiros.com.br/app/js/common.Dbj7-lne.js:1
[  278594ms] [INFO] [FPID 8.2] Fallback: Valid sc_adb_id found: 1da58430-e8ef-4688-89cb-bedb6e9e7db0 @ :20
[  278594ms] [INFO] [FPID 8.2] Memorized sc-adb-id in __didomi_SCADBID: 1da58430-e8ef-4688-89cb-bedb6e9e7db0 @ :20
[  278594ms] [INFO] [FPID 8.2] Memorized sc-adb-id in __didomi_SCADBID: 1da58430-e8ef-4688-89cb-bedb6e9e7db0 @ :20
[  278594ms] [INFO] [FPID 8.2] Tier 2 HIT (localStorage): 1da58430-e8ef-4688-89cb-bedb6e9e7db0 @ :20
[  278594ms] [INFO] [FPID 8.2]Tier 1/2/3A — already resolved synchronously, dataLayer populated @ :20
[  278597ms] [INFO] [FPID 8.2] Pushed to dataLayer: 1da58430-e8ef-4688-89cb-bedb6e9e7db0 [granted] @ :20
[  278597ms] [INFO] [FPID 8.2] handleConsentChange complete — platform: sitecore | source: undefined | consent: true | method: didomi | cmp: false @ :20
[  279220ms] [WARNING] 

⚠️ Your `allowedTags` option includes, `style`, which is inherently
vulnerable to XSS attacks. Please remove it from `allowedTags`.
Or, to disable this warning, add the `allowVulnerableTags` option
and ensure you are accounting for this risk.

 @ https://www.msccruzeiros.com.br/app/js/vendor.CNpzJls-.js:107
[  279221ms] [WARNING] 

⚠️ Your `allowedTags` option includes, `style`, which is inherently
vulnerable to XSS attacks. Please remove it from `allowedTags`.
Or, to disable this warning, add the `allowVulnerableTags` option
and ensure you are accounting for this risk.

 @ https://www.msccruzeiros.com.br/app/js/vendor.CNpzJls-.js:107
[  279221ms] [WARNING] 

⚠️ Your `allowedTags` option includes, `style`, which is inherently
vulnerable to XSS attacks. Please remove it from `allowedTags`.
Or, to disable this warning, add the `allowVulnerableTags` option
and ensure you are accounting for this risk.

 @ https://www.msccruzeiros.com.br/app/js/vendor.CNpzJls-.js:107
[  279233ms] [WARNING] Swiper Loop Warning: The number of slides is not enough for loop mode, it will be disabled or not function properly. You need to add more slides (or make duplicates) or lower the values of slidesPerView and slidesPerGroup parameters @ https://www.msccruzeiros.com.br/app/js/vendor.CNpzJls-.js:172
[  279472ms] [LOG] null @ https://assets.adobedtm.com/e89550510280/83e8aacd5ad3/launch-8a896a2706b5.min.js:1
[  279473ms] [LOG]  @ https://assets.adobedtm.com/e89550510280/83e8aacd5ad3/launch-8a896a2706b5.min.js:2
[  279480ms] [LOG] checkEventTriggered: has not triggered @ https://assets.adobedtm.com/e89550510280/83e8aacd5ad3/launch-8a896a2706b5.min.js:11
[  279756ms] [WARNING] 

⚠️ Your `allowedTags` option includes, `style`, which is inherently
vulnerable to XSS attacks. Please remove it from `allowedTags`.
Or, to disable this warning, add the `allowVulnerableTags` option
and ensure you are accounting for this risk.

 @ https://www.msccruzeiros.com.br/app/js/vendor.CNpzJls-.js:107
[  279756ms] [WARNING] 

⚠️ Your `allowedTags` option includes, `style`, which is inherently
vulnerable to XSS attacks. Please remove it from `allowedTags`.
Or, to disable this warning, add the `allowVulnerableTags` option
and ensure you are accounting for this risk.

 @ https://www.msccruzeiros.com.br/app/js/vendor.CNpzJls-.js:107
[  279757ms] [WARNING] 

⚠️ Your `allowedTags` option includes, `style`, which is inherently
vulnerable to XSS attacks. Please remove it from `allowedTags`.
Or, to disable this warning, add the `allowVulnerableTags` option
and ensure you are accounting for this risk.

 @ https://www.msccruzeiros.com.br/app/js/vendor.CNpzJls-.js:107
[  279757ms] [WARNING] 

⚠️ Your `allowedTags` option includes, `style`, which is inherently
vulnerable to XSS attacks. Please remove it from `allowedTags`.
Or, to disable this warning, add the `allowVulnerableTags` option
and ensure you are accounting for this risk.

 @ https://www.msccruzeiros.com.br/app/js/vendor.CNpzJls-.js:107
[  279757ms] [WARNING] 

⚠️ Your `allowedTags` option includes, `style`, which is inherently
vulnerable to XSS attacks. Please remove it from `allowedTags`.
Or, to disable this warning, add the `allowVulnerableTags` option
and ensure you are accounting for this risk.

 @ https://www.msccruzeiros.com.br/app/js/vendor.CNpzJls-.js:107
[  279757ms] [WARNING] 

⚠️ Your `allowedTags` option includes, `style`, which is inherently
vulnerable to XSS attacks. Please remove it from `allowedTags`.
Or, to disable this warning, add the `allowVulnerableTags` option
and ensure you are accounting for this risk.

 @ https://www.msccruzeiros.com.br/app/js/vendor.CNpzJls-.js:107
[  279757ms] [WARNING] 

⚠️ Your `allowedTags` option includes, `style`, which is inherently
vulnerable to XSS attacks. Please remove it from `allowedTags`.
Or, to disable this warning, add the `allowVulnerableTags` option
and ensure you are accounting for this risk.

 @ https://www.msccruzeiros.com.br/app/js/vendor.CNpzJls-.js:107
[  279757ms] [WARNING] 

⚠️ Your `allowedTags` option includes, `style`, which is inherently
vulnerable to XSS attacks. Please remove it from `allowedTags`.
Or, to disable this warning, add the `allowVulnerableTags` option
and ensure you are accounting for this risk.

 @ https://www.msccruzeiros.com.br/app/js/vendor.CNpzJls-.js:107
[  279757ms] [WARNING] 

⚠️ Your `allowedTags` option includes, `style`, which is inherently
vulnerable to XSS attacks. Please remove it from `allowedTags`.
Or, to disable this warning, add the `allowVulnerableTags` option
and ensure you are accounting for this risk.

 @ https://www.msccruzeiros.com.br/app/js/vendor.CNpzJls-.js:107
[  279757ms] [WARNING] 

⚠️ Your `allowedTags` option includes, `style`, which is inherently
vulnerable to XSS attacks. Please remove it from `allowedTags`.
Or, to disable this warning, add the `allowVulnerableTags` option
and ensure you are accounting for this risk.

 @ https://www.msccruzeiros.com.br/app/js/vendor.CNpzJls-.js:107
[  279757ms] [WARNING] 

⚠️ Your `allowedTags` option includes, `style`, which is inherently
vulnerable to XSS attacks. Please remove it from `allowedTags`.
Or, to disable this warning, add the `allowVulnerableTags` option
and ensure you are accounting for this risk.

 @ https://www.msccruzeiros.com.br/app/js/vendor.CNpzJls-.js:107
[  279757ms] [WARNING] 

⚠️ Your `allowedTags` option includes, `style`, which is inherently
vulnerable to XSS attacks. Please remove it from `allowedTags`.
Or, to disable this warning, add the `allowVulnerableTags` option
and ensure you are accounting for this risk.

 @ https://www.msccruzeiros.com.br/app/js/vendor.CNpzJls-.js:107
[  279757ms] [WARNING] 

⚠️ Your `allowedTags` option includes, `style`, which is inherently
vulnerable to XSS attacks. Please remove it from `allowedTags`.
Or, to disable this warning, add the `allowVulnerableTags` option
and ensure you are accounting for this risk.

 @ https://www.msccruzeiros.com.br/app/js/vendor.CNpzJls-.js:107
[  279757ms] [WARNING] 

⚠️ Your `allowedTags` option includes, `style`, which is inherently
vulnerable to XSS attacks. Please remove it from `allowedTags`.
Or, to disable this warning, add the `allowVulnerableTags` option
and ensure you are accounting for this risk.

 @ https://www.msccruzeiros.com.br/app/js/vendor.CNpzJls-.js:107
[  279757ms] [WARNING] 

⚠️ Your `allowedTags` option includes, `style`, which is inherently
vulnerable to XSS attacks. Please remove it from `allowedTags`.
Or, to disable this warning, add the `allowVulnerableTags` option
and ensure you are accounting for this risk.

 @ https://www.msccruzeiros.com.br/app/js/vendor.CNpzJls-.js:107
[  279757ms] [WARNING] 

⚠️ Your `allowedTags` option includes, `style`, which is inherently
vulnerable to XSS attacks. Please remove it from `allowedTags`.
Or, to disable this warning, add the `allowVulnerableTags` option
and ensure you are accounting for this risk.

 @ https://www.msccruzeiros.com.br/app/js/vendor.CNpzJls-.js:107
[  279757ms] [WARNING] 

⚠️ Your `allowedTags` option includes, `style`, which is inherently
vulnerable to XSS attacks. Please remove it from `allowedTags`.
Or, to disable this warning, add the `allowVulnerableTags` option
and ensure you are accounting for this risk.

 @ https://www.msccruzeiros.com.br/app/js/vendor.CNpzJls-.js:107
[  279757ms] [WARNING] 

⚠️ Your `allowedTags` option includes, `style`, which is inherently
vulnerable to XSS attacks. Please remove it from `allowedTags`.
Or, to disable this warning, add the `allowVulnerableTags` option
and ensure you are accounting for this risk.

 @ https://www.msccruzeiros.com.br/app/js/vendor.CNpzJls-.js:107
[  279757ms] [WARNING] 

⚠️ Your `allowedTags` option includes, `style`, which is inherently
vulnerable to XSS attacks. Please remove it from `allowedTags`.
Or, to disable this warning, add the `allowVulnerableTags` option
and ensure you are accounting for this risk.

 @ https://www.msccruzeiros.com.br/app/js/vendor.CNpzJls-.js:107
[  279757ms] [WARNING] 

⚠️ Your `allowedTags` option includes, `style`, which is inherently
vulnerable to XSS attacks. Please remove it from `allowedTags`.
Or, to disable this warning, add the `allowVulnerableTags` option
and ensure you are accounting for this risk.

 @ https://www.msccruzeiros.com.br/app/js/vendor.CNpzJls-.js:107
[  279757ms] [WARNING] 

⚠️ Your `allowedTags` option includes, `style`, which is inherently
vulnerable to XSS attacks. Please remove it from `allowedTags`.
Or, to disable this warning, add the `allowVulnerableTags` option
and ensure you are accounting for this risk.

 @ https://www.msccruzeiros.com.br/app/js/vendor.CNpzJls-.js:107
[  279757ms] [WARNING] 

⚠️ Your `allowedTags` option includes, `style`, which is inherently
vulnerable to XSS attacks. Please remove it from `allowedTags`.
Or, to disable this warning, add the `allowVulnerableTags` option
and ensure you are accounting for this risk.

 @ https://www.msccruzeiros.com.br/app/js/vendor.CNpzJls-.js:107
[  279757ms] [WARNING] 

⚠️ Your `allowedTags` option includes, `style`, which is inherently
vulnerable to XSS attacks. Please remove it from `allowedTags`.
Or, to disable this warning, add the `allowVulnerableTags` option
and ensure you are accounting for this risk.

 @ https://www.msccruzeiros.com.br/app/js/vendor.CNpzJls-.js:107
[  279757ms] [WARNING] 

⚠️ Your `allowedTags` option includes, `style`, which is inherently
vulnerable to XSS attacks. Please remove it from `allowedTags`.
Or, to disable this warning, add the `allowVulnerableTags` option
and ensure you are accounting for this risk.

 @ https://www.msccruzeiros.com.br/app/js/vendor.CNpzJls-.js:107
[  279757ms] [WARNING] 

⚠️ Your `allowedTags` option includes, `style`, which is inherently
vulnerable to XSS attacks. Please remove it from `allowedTags`.
Or, to disable this warning, add the `allowVulnerableTags` option
and ensure you are accounting for this risk.

 @ https://www.msccruzeiros.com.br/app/js/vendor.CNpzJls-.js:107
[  279757ms] [WARNING] 

⚠️ Your `allowedTags` option includes, `style`, which is inherently
vulnerable to XSS attacks. Please remove it from `allowedTags`.
Or, to disable this warning, add the `allowVulnerableTags` option
and ensure you are accounting for this risk.

 @ https://www.msccruzeiros.com.br/app/js/vendor.CNpzJls-.js:107
[  279757ms] [WARNING] 

⚠️ Your `allowedTags` option includes, `style`, which is inherently
vulnerable to XSS attacks. Please remove it from `allowedTags`.
Or, to disable this warning, add the `allowVulnerableTags` option
and ensure you are accounting for this risk.

 @ https://www.msccruzeiros.com.br/app/js/vendor.CNpzJls-.js:107
[  279757ms] [WARNING] 

⚠️ Your `allowedTags` option includes, `style`, which is inherently
vulnerable to XSS attacks. Please remove it from `allowedTags`.
Or, to disable this warning, add the `allowVulnerableTags` option
and ensure you are accounting for this risk.

 @ https://www.msccruzeiros.com.br/app/js/vendor.CNpzJls-.js:107
[  279758ms] [WARNING] 

⚠️ Your `allowedTags` option includes, `style`, which is inherently
vulnerable to XSS attacks. Please remove it from `allowedTags`.
Or, to disable this warning, add the `allowVulnerableTags` option
and ensure you are accounting for this risk.

 @ https://www.msccruzeiros.com.br/app/js/vendor.CNpzJls-.js:107
[  279758ms] [WARNING] 

⚠️ Your `allowedTags` option includes, `style`, which is inherently
vulnerable to XSS attacks. Please remove it from `allowedTags`.
Or, to disable this warning, add the `allowVulnerableTags` option
and ensure you are accounting for this risk.

 @ https://www.msccruzeiros.com.br/app/js/vendor.CNpzJls-.js:107
[  279758ms] [WARNING] 

⚠️ Your `allowedTags` option includes, `style`, which is inherently
vulnerable to XSS attacks. Please remove it from `allowedTags`.
Or, to disable this warning, add the `allowVulnerableTags` option
and ensure you are accounting for this risk.

 @ https://www.msccruzeiros.com.br/app/js/vendor.CNpzJls-.js:107
[  279758ms] [WARNING] 

⚠️ Your `allowedTags` option includes, `style`, which is inherently
vulnerable to XSS attacks. Please remove it from `allowedTags`.
Or, to disable this warning, add the `allowVulnerableTags` option
and ensure you are accounting for this risk.

 @ https://www.msccruzeiros.com.br/app/js/vendor.CNpzJls-.js:107
[  279758ms] [WARNING] 

⚠️ Your `allowedTags` option includes, `style`, which is inherently
vulnerable to XSS attacks. Please remove it from `allowedTags`.
Or, to disable this warning, add the `allowVulnerableTags` option
and ensure you are accounting for this risk.

 @ https://www.msccruzeiros.com.br/app/js/vendor.CNpzJls-.js:107
[  279758ms] [WARNING] 

⚠️ Your `allowedTags` option includes, `style`, which is inherently
vulnerable to XSS attacks. Please remove it from `allowedTags`.
Or, to disable this warning, add the `allowVulnerableTags` option
and ensure you are accounting for this risk.

 @ https://www.msccruzeiros.com.br/app/js/vendor.CNpzJls-.js:107
[  279758ms] [WARNING] 

⚠️ Your `allowedTags` option includes, `style`, which is inherently
vulnerable to XSS attacks. Please remove it from `allowedTags`.
Or, to disable this warning, add the `allowVulnerableTags` option
and ensure you are accounting for this risk.

 @ https://www.msccruzeiros.com.br/app/js/vendor.CNpzJls-.js:107
[  279758ms] [WARNING] 

⚠️ Your `allowedTags` option includes, `style`, which is inherently
vulnerable to XSS attacks. Please remove it from `allowedTags`.
Or, to disable this warning, add the `allowVulnerableTags` option
and ensure you are accounting for this risk.

 @ https://www.msccruzeiros.com.br/app/js/vendor.CNpzJls-.js:107
[  279764ms] [WARNING] 

⚠️ Your `allowedTags` option includes, `style`, which is inherently
vulnerable to XSS attacks. Please remove it from `allowedTags`.
Or, to disable this warning, add the `allowVulnerableTags` option
and ensure you are accounting for this risk.

 @ https://www.msccruzeiros.com.br/app/js/vendor.CNpzJls-.js:107
[  279764ms] [WARNING] 

⚠️ Your `allowedTags` option includes, `style`, which is inherently
vulnerable to XSS attacks. Please remove it from `allowedTags`.
Or, to disable this warning, add the `allowVulnerableTags` option
and ensure you are accounting for this risk.

 @ https://www.msccruzeiros.com.br/app/js/vendor.CNpzJls-.js:107
[  279765ms] [WARNING] 

⚠️ Your `allowedTags` option includes, `style`, which is inherently
vulnerable to XSS attacks. Please remove it from `allowedTags`.
Or, to disable this warning, add the `allowVulnerableTags` option
and ensure you are accounting for this risk.

 @ https://www.msccruzeiros.com.br/app/js/vendor.CNpzJls-.js:107
[  279765ms] [WARNING] 

⚠️ Your `allowedTags` option includes, `style`, which is inherently
vulnerable to XSS attacks. Please remove it from `allowedTags`.
Or, to disable this warning, add the `allowVulnerableTags` option
and ensure you are accounting for this risk.

 @ https://www.msccruzeiros.com.br/app/js/vendor.CNpzJls-.js:107
[  279765ms] [WARNING] 

⚠️ Your `allowedTags` option includes, `style`, which is inherently
vulnerable to XSS attacks. Please remove it from `allowedTags`.
Or, to disable this warning, add the `allowVulnerableTags` option
and ensure you are accounting for this risk.

 @ https://www.msccruzeiros.com.br/app/js/vendor.CNpzJls-.js:107
[  279945ms] [ERROR] Failed to load resource: net::ERR_CERT_DATE_INVALID @ https://tiy.msccruzeiros.com.br/js/na/na/u/db29a9a21e.js:0
[  280009ms] [ERROR] Failed to load resource: the server responded with a status of 404 () @ https://track-emea-prod.msccruises.com/akam/13/75bf7dfc:0
[  280055ms] [ERROR] Permissions policy violation: accelerometer is not allowed in this document. @ https://track-emea-prod.msccruises.com/3DUP24U0k/Yc8N7oP/pQ/X9i5pDQh8tbprS/HUBaJAE/NwZ/HS14rew8C:0
[  280056ms] [WARNING] The deviceorientation events are blocked by permissions policy. See https://github.com/w3c/webappsec-permissions-policy/blob/master/features.md#sensor-features @ https://track-emea-prod.msccruises.com/3DUP24U0k/Yc8N7oP/pQ/X9i5pDQh8tbprS/HUBaJAE/NwZ/HS14rew8C:0
[  280056ms] [ERROR] Permissions policy violation: accelerometer is not allowed in this document. @ https://track-emea-prod.msccruises.com/3DUP24U0k/Yc8N7oP/pQ/X9i5pDQh8tbprS/HUBaJAE/NwZ/HS14rew8C:0
[  280056ms] [WARNING] The devicemotion events are blocked by permissions policy. See https://github.com/w3c/webappsec-permissions-policy/blob/master/features.md#sensor-features @ https://track-emea-prod.msccruises.com/3DUP24U0k/Yc8N7oP/pQ/X9i5pDQh8tbprS/HUBaJAE/NwZ/HS14rew8C:0
[  280120ms] [ERROR] Error with Permissions-Policy header: Parse of permissions policy failed because of errors reported by structured header parser. @ :0
[  280131ms] [LOG] smetrics.msccruzeiros.com.br @ https://assets.adobedtm.com/e89550510280/83e8aacd5ad3/launch-8a896a2706b5.min.js:1
[  280151ms] TypeError: n.includes is not a function
    at navigator.serviceWorker.__proto__.register (https://www.msccruzeiros.com.br/nossos-cruzeiros/navios:17:1936)
    at https://static.fanplayr.com/client/sw-load.js:26:33
    at https://static.fanplayr.com/client/sw-load.js:39:2
[  280191ms] [INFO] [FPID 8.2] Platform detected: sitecore @ :20
[  280191ms] [LOG] fpid fix code fired @ :1
[  280350ms] [INFO] [FPID 8.2] Fallback: Valid sc_adb_id found: 1da58430-e8ef-4688-89cb-bedb6e9e7db0 @ :20
[  280351ms] [INFO] [FPID 8.2] Memorized sc-adb-id in __didomi_SCADBID: 1da58430-e8ef-4688-89cb-bedb6e9e7db0 @ :20
[  280351ms] [INFO] [FPID 8.2] Memorized sc-adb-id in __didomi_SCADBID: 1da58430-e8ef-4688-89cb-bedb6e9e7db0 @ :20
[  280351ms] [INFO] [FPID 8.2] Tier 2 HIT (localStorage): 1da58430-e8ef-4688-89cb-bedb6e9e7db0 @ :20
[  280351ms] [INFO] [FPID 8.2]Tier 1/2/3A — already resolved synchronously, dataLayer populated @ :20
[  280353ms] [INFO] [FPID 8.2] Pushed to dataLayer: 1da58430-e8ef-4688-89cb-bedb6e9e7db0 [granted] @ :20
[  280353ms] [INFO] [FPID 8.2] handleConsentChange complete — platform: sitecore | source: undefined | consent: true | method: didomi | cmp: false @ :20
[  280407ms] [INFO] [FPID] Pushed to dataLayer: 1da58430-e8ef-4688-89cb-bedb6e9e7db0 @ https://www.msccruzeiros.com.br/app/js/common.Dbj7-lne.js:1
[  280870ms] [LOG] Found GA4 tag @ https://rtp-static.marketo.com/rtp/libs/ga-integration-2.0.5.js:0
[  281256ms] [LOG] null @ https://assets.adobedtm.com/e89550510280/83e8aacd5ad3/launch-8a896a2706b5.min.js:1
[  281256ms] [LOG]  @ https://assets.adobedtm.com/e89550510280/83e8aacd5ad3/launch-8a896a2706b5.min.js:2
[  281258ms] [LOG] checkEventTriggered: has not triggered @ https://assets.adobedtm.com/e89550510280/83e8aacd5ad3/launch-8a896a2706b5.min.js:11
[  281743ms] [ERROR] Permissions policy violation: accelerometer is not allowed in this document. @ https://track-emea-prod.msccruises.com/3DUP24U0k/Yc8N7oP/pQ/X9i5pDQh8tbprS/HUBaJAE/NwZ/HS14rew8C:0
[  281743ms] [WARNING] The deviceorientation events are blocked by permissions policy. See https://github.com/w3c/webappsec-permissions-policy/blob/master/features.md#sensor-features @ https://track-emea-prod.msccruises.com/3DUP24U0k/Yc8N7oP/pQ/X9i5pDQh8tbprS/HUBaJAE/NwZ/HS14rew8C:0
[  281743ms] [ERROR] Permissions policy violation: accelerometer is not allowed in this document. @ https://track-emea-prod.msccruises.com/3DUP24U0k/Yc8N7oP/pQ/X9i5pDQh8tbprS/HUBaJAE/NwZ/HS14rew8C:0
[  281743ms] [WARNING] The devicemotion events are blocked by permissions policy. See https://github.com/w3c/webappsec-permissions-policy/blob/master/features.md#sensor-features @ https://track-emea-prod.msccruises.com/3DUP24U0k/Yc8N7oP/pQ/X9i5pDQh8tbprS/HUBaJAE/NwZ/HS14rew8C:0
[  281779ms] [ERROR] Failed to load resource: net::ERR_CERT_DATE_INVALID @ https://tiy.msccruzeiros.com.br/js/na/na/u/db29a9a21e.js:0
[  281789ms] [ERROR] Failed to load resource: the server responded with a status of 404 () @ https://track-emea-prod.msccruises.com/akam/13/75bf7dfc:0
[  285403ms] [ERROR] Error with Permissions-Policy header: Parse of permissions policy failed because of errors reported by structured header parser. @ :0
[  285409ms] [WARNING] <link rel=preload> has an invalid `href` value @ https://www.msccruzeiros.com.br/nossos-cruzeiros/navios/msc-musica:5
[  285409ms] [WARNING] <link rel=preload> has an invalid `href` value @ https://www.msccruzeiros.com.br/nossos-cruzeiros/navios/msc-musica:6
[  285413ms] [LOG] smetrics.msccruzeiros.com.br @ https://assets.adobedtm.com/e89550510280/83e8aacd5ad3/launch-8a896a2706b5.min.js:1
[  285475ms] TypeError: n.includes is not a function
    at navigator.serviceWorker.__proto__.register (https://www.msccruzeiros.com.br/nossos-cruzeiros/navios/msc-musica:20:1936)
    at https://static.fanplayr.com/client/sw-load.js:26:33
    at https://static.fanplayr.com/client/sw-load.js:39:2
[  285469ms] [INFO] [FPID 8.2] Platform detected: sitecore @ :20
[  285469ms] [LOG] fpid fix code fired @ :1
[  285627ms] [INFO] [FPID 8.2] Fallback: Valid sc_adb_id found: 1da58430-e8ef-4688-89cb-bedb6e9e7db0 @ :20
[  285627ms] [INFO] [FPID 8.2] Memorized sc-adb-id in __didomi_SCADBID: 1da58430-e8ef-4688-89cb-bedb6e9e7db0 @ :20
[  285627ms] [INFO] [FPID 8.2] Memorized sc-adb-id in __didomi_SCADBID: 1da58430-e8ef-4688-89cb-bedb6e9e7db0 @ :20
[  285627ms] [INFO] [FPID 8.2] Tier 2 HIT (localStorage): 1da58430-e8ef-4688-89cb-bedb6e9e7db0 @ :20
[  285627ms] [INFO] [FPID 8.2]Tier 1/2/3A — already resolved synchronously, dataLayer populated @ :20
[  285629ms] [INFO] [FPID 8.2] Pushed to dataLayer: 1da58430-e8ef-4688-89cb-bedb6e9e7db0 [granted] @ :20
[  285629ms] [INFO] [FPID 8.2] handleConsentChange complete — platform: sitecore | source: undefined | consent: true | method: didomi | cmp: false @ :20
[  285714ms] [INFO] [FPID] Pushed to dataLayer: 1da58430-e8ef-4688-89cb-bedb6e9e7db0 @ https://www.msccruzeiros.com.br/app/js/common.Dbj7-lne.js:1
[  286600ms] [LOG] null @ https://assets.adobedtm.com/e89550510280/83e8aacd5ad3/launch-8a896a2706b5.min.js:1
[  286600ms] [LOG]  @ https://assets.adobedtm.com/e89550510280/83e8aacd5ad3/launch-8a896a2706b5.min.js:2
[  286603ms] [LOG] checkEventTriggered: has not triggered @ https://assets.adobedtm.com/e89550510280/83e8aacd5ad3/launch-8a896a2706b5.min.js:11
[  287075ms] [ERROR] Failed to load resource: net::ERR_CERT_DATE_INVALID @ https://tiy.msccruzeiros.com.br/js/na/na/u/db29a9a21e.js:0
[  287112ms] [ERROR] Failed to load resource: the server responded with a status of 404 () @ https://track-emea-prod.msccruises.com/akam/13/75bf7dfc:0
[  287123ms] [ERROR] Permissions policy violation: accelerometer is not allowed in this document. @ https://track-emea-prod.msccruises.com/3DUP24U0k/Yc8N7oP/pQ/X9i5pDQh8tbprS/HUBaJAE/NwZ/HS14rew8C:0
[  287123ms] [WARNING] The deviceorientation events are blocked by permissions policy. See https://github.com/w3c/webappsec-permissions-policy/blob/master/features.md#sensor-features @ https://track-emea-prod.msccruises.com/3DUP24U0k/Yc8N7oP/pQ/X9i5pDQh8tbprS/HUBaJAE/NwZ/HS14rew8C:0
[  287123ms] [ERROR] Permissions policy violation: accelerometer is not allowed in this document. @ https://track-emea-prod.msccruises.com/3DUP24U0k/Yc8N7oP/pQ/X9i5pDQh8tbprS/HUBaJAE/NwZ/HS14rew8C:0
[  287124ms] [WARNING] The devicemotion events are blocked by permissions policy. See https://github.com/w3c/webappsec-permissions-policy/blob/master/features.md#sensor-features @ https://track-emea-prod.msccruises.com/3DUP24U0k/Yc8N7oP/pQ/X9i5pDQh8tbprS/HUBaJAE/NwZ/HS14rew8C:0
[  287135ms] [WARNING] 

⚠️ Your `allowedTags` option includes, `style`, which is inherently
vulnerable to XSS attacks. Please remove it from `allowedTags`.
Or, to disable this warning, add the `allowVulnerableTags` option
and ensure you are accounting for this risk.

 @ https://www.msccruzeiros.com.br/app/js/vendor.CNpzJls-.js:107
[  287135ms] [WARNING] 

⚠️ Your `allowedTags` option includes, `style`, which is inherently
vulnerable to XSS attacks. Please remove it from `allowedTags`.
Or, to disable this warning, add the `allowVulnerableTags` option
and ensure you are accounting for this risk.

 @ https://www.msccruzeiros.com.br/app/js/vendor.CNpzJls-.js:107
[  287135ms] [WARNING] 

⚠️ Your `allowedTags` option includes, `style`, which is inherently
vulnerable to XSS attacks. Please remove it from `allowedTags`.
Or, to disable this warning, add the `allowVulnerableTags` option
and ensure you are accounting for this risk.

 @ https://www.msccruzeiros.com.br/app/js/vendor.CNpzJls-.js:107
[  287135ms] [WARNING] 

⚠️ Your `allowedTags` option includes, `style`, which is inherently
vulnerable to XSS attacks. Please remove it from `allowedTags`.
Or, to disable this warning, add the `allowVulnerableTags` option
and ensure you are accounting for this risk.

 @ https://www.msccruzeiros.com.br/app/js/vendor.CNpzJls-.js:107
[  287136ms] [WARNING] 

⚠️ Your `allowedTags` option includes, `style`, which is inherently
vulnerable to XSS attacks. Please remove it from `allowedTags`.
Or, to disable this warning, add the `allowVulnerableTags` option
and ensure you are accounting for this risk.

 @ https://www.msccruzeiros.com.br/app/js/vendor.CNpzJls-.js:107
[  287136ms] [WARNING] 

⚠️ Your `allowedTags` option includes, `style`, which is inherently
vulnerable to XSS attacks. Please remove it from `allowedTags`.
Or, to disable this warning, add the `allowVulnerableTags` option
and ensure you are accounting for this risk.

 @ https://www.msccruzeiros.com.br/app/js/vendor.CNpzJls-.js:107
[  287136ms] [WARNING] 

⚠️ Your `allowedTags` option includes, `style`, which is inherently
vulnerable to XSS attacks. Please remove it from `allowedTags`.
Or, to disable this warning, add the `allowVulnerableTags` option
and ensure you are accounting for this risk.

 @ https://www.msccruzeiros.com.br/app/js/vendor.CNpzJls-.js:107
[  287136ms] [WARNING] 

⚠️ Your `allowedTags` option includes, `style`, which is inherently
vulnerable to XSS attacks. Please remove it from `allowedTags`.
Or, to disable this warning, add the `allowVulnerableTags` option
and ensure you are accounting for this risk.

 @ https://www.msccruzeiros.com.br/app/js/vendor.CNpzJls-.js:107
[  287136ms] [WARNING] 

⚠️ Your `allowedTags` option includes, `style`, which is inherently
vulnerable to XSS attacks. Please remove it from `allowedTags`.
Or, to disable this warning, add the `allowVulnerableTags` option
and ensure you are accounting for this risk.

 @ https://www.msccruzeiros.com.br/app/js/vendor.CNpzJls-.js:107
[  287136ms] [WARNING] 

⚠️ Your `allowedTags` option includes, `style`, which is inherently
vulnerable to XSS attacks. Please remove it from `allowedTags`.
Or, to disable this warning, add the `allowVulnerableTags` option
and ensure you are accounting for this risk.

 @ https://www.msccruzeiros.com.br/app/js/vendor.CNpzJls-.js:107
[  287136ms] [WARNING] 

⚠️ Your `allowedTags` option includes, `style`, which is inherently
vulnerable to XSS attacks. Please remove it from `allowedTags`.
Or, to disable this warning, add the `allowVulnerableTags` option
and ensure you are accounting for this risk.

 @ https://www.msccruzeiros.com.br/app/js/vendor.CNpzJls-.js:107
[  287136ms] [WARNING] 

⚠️ Your `allowedTags` option includes, `style`, which is inherently
vulnerable to XSS attacks. Please remove it from `allowedTags`.
Or, to disable this warning, add the `allowVulnerableTags` option
and ensure you are accounting for this risk.

 @ https://www.msccruzeiros.com.br/app/js/vendor.CNpzJls-.js:107
[  287136ms] [WARNING] 

⚠️ Your `allowedTags` option includes, `style`, which is inherently
vulnerable to XSS attacks. Please remove it from `allowedTags`.
Or, to disable this warning, add the `allowVulnerableTags` option
and ensure you are accounting for this risk.

 @ https://www.msccruzeiros.com.br/app/js/vendor.CNpzJls-.js:107
[  287136ms] [WARNING] 

⚠️ Your `allowedTags` option includes, `style`, which is inherently
vulnerable to XSS attacks. Please remove it from `allowedTags`.
Or, to disable this warning, add the `allowVulnerableTags` option
and ensure you are accounting for this risk.

 @ https://www.msccruzeiros.com.br/app/js/vendor.CNpzJls-.js:107
[  287136ms] [WARNING] 

⚠️ Your `allowedTags` option includes, `style`, which is inherently
vulnerable to XSS attacks. Please remove it from `allowedTags`.
Or, to disable this warning, add the `allowVulnerableTags` option
and ensure you are accounting for this risk.

 @ https://www.msccruzeiros.com.br/app/js/vendor.CNpzJls-.js:107
[  287136ms] [WARNING] 

⚠️ Your `allowedTags` option includes, `style`, which is inherently
vulnerable to XSS attacks. Please remove it from `allowedTags`.
Or, to disable this warning, add the `allowVulnerableTags` option
and ensure you are accounting for this risk.

 @ https://www.msccruzeiros.com.br/app/js/vendor.CNpzJls-.js:107
[  287136ms] [WARNING] 

⚠️ Your `allowedTags` option includes, `style`, which is inherently
vulnerable to XSS attacks. Please remove it from `allowedTags`.
Or, to disable this warning, add the `allowVulnerableTags` option
and ensure you are accounting for this risk.

 @ https://www.msccruzeiros.com.br/app/js/vendor.CNpzJls-.js:107
[  287136ms] [WARNING] 

⚠️ Your `allowedTags` option includes, `style`, which is inherently
vulnerable to XSS attacks. Please remove it from `allowedTags`.
Or, to disable this warning, add the `allowVulnerableTags` option
and ensure you are accounting for this risk.

 @ https://www.msccruzeiros.com.br/app/js/vendor.CNpzJls-.js:107
[  287136ms] [WARNING] 

⚠️ Your `allowedTags` option includes, `style`, which is inherently
vulnerable to XSS attacks. Please remove it from `allowedTags`.
Or, to disable this warning, add the `allowVulnerableTags` option
and ensure you are accounting for this risk.

 @ https://www.msccruzeiros.com.br/app/js/vendor.CNpzJls-.js:107
[  287136ms] [WARNING] 

⚠️ Your `allowedTags` option includes, `style`, which is inherently
vulnerable to XSS attacks. Please remove it from `allowedTags`.
Or, to disable this warning, add the `allowVulnerableTags` option
and ensure you are accounting for this risk.

 @ https://www.msccruzeiros.com.br/app/js/vendor.CNpzJls-.js:107
[  287136ms] [WARNING] 

⚠️ Your `allowedTags` option includes, `style`, which is inherently
vulnerable to XSS attacks. Please remove it from `allowedTags`.
Or, to disable this warning, add the `allowVulnerableTags` option
and ensure you are accounting for this risk.

 @ https://www.msccruzeiros.com.br/app/js/vendor.CNpzJls-.js:107
[  287136ms] [WARNING] 

⚠️ Your `allowedTags` option includes, `style`, which is inherently
vulnerable to XSS attacks. Please remove it from `allowedTags`.
Or, to disable this warning, add the `allowVulnerableTags` option
and ensure you are accounting for this risk.

 @ https://www.msccruzeiros.com.br/app/js/vendor.CNpzJls-.js:107
[  287136ms] [WARNING] 

⚠️ Your `allowedTags` option includes, `style`, which is inherently
vulnerable to XSS attacks. Please remove it from `allowedTags`.
Or, to disable this warning, add the `allowVulnerableTags` option
and ensure you are accounting for this risk.

 @ https://www.msccruzeiros.com.br/app/js/vendor.CNpzJls-.js:107
[  287136ms] [WARNING] 

⚠️ Your `allowedTags` option includes, `style`, which is inherently
vulnerable to XSS attacks. Please remove it from `allowedTags`.
Or, to disable this warning, add the `allowVulnerableTags` option
and ensure you are accounting for this risk.

 @ https://www.msccruzeiros.com.br/app/js/vendor.CNpzJls-.js:107
[  287137ms] [WARNING] 

⚠️ Your `allowedTags` option includes, `style`, which is inherently
vulnerable to XSS attacks. Please remove it from `allowedTags`.
Or, to disable this warning, add the `allowVulnerableTags` option
and ensure you are accounting for this risk.

 @ https://www.msccruzeiros.com.br/app/js/vendor.CNpzJls-.js:107
[  287137ms] [WARNING] 

⚠️ Your `allowedTags` option includes, `style`, which is inherently
vulnerable to XSS attacks. Please remove it from `allowedTags`.
Or, to disable this warning, add the `allowVulnerableTags` option
and ensure you are accounting for this risk.

 @ https://www.msccruzeiros.com.br/app/js/vendor.CNpzJls-.js:107
[  287137ms] [WARNING] 

⚠️ Your `allowedTags` option includes, `style`, which is inherently
vulnerable to XSS attacks. Please remove it from `allowedTags`.
Or, to disable this warning, add the `allowVulnerableTags` option
and ensure you are accounting for this risk.

 @ https://www.msccruzeiros.com.br/app/js/vendor.CNpzJls-.js:107
[  287137ms] [WARNING] 

⚠️ Your `allowedTags` option includes, `style`, which is inherently
vulnerable to XSS attacks. Please remove it from `allowedTags`.
Or, to disable this warning, add the `allowVulnerableTags` option
and ensure you are accounting for this risk.

 @ https://www.msccruzeiros.com.br/app/js/vendor.CNpzJls-.js:107
[  287137ms] [WARNING] 

⚠️ Your `allowedTags` option includes, `style`, which is inherently
vulnerable to XSS attacks. Please remove it from `allowedTags`.
Or, to disable this warning, add the `allowVulnerableTags` option
and ensure you are accounting for this risk.

 @ https://www.msccruzeiros.com.br/app/js/vendor.CNpzJls-.js:107
[  287137ms] [WARNING] 

⚠️ Your `allowedTags` option includes, `style`, which is inherently
vulnerable to XSS attacks. Please remove it from `allowedTags`.
Or, to disable this warning, add the `allowVulnerableTags` option
and ensure you are accounting for this risk.

 @ https://www.msccruzeiros.com.br/app/js/vendor.CNpzJls-.js:107
[  287137ms] [WARNING] 

⚠️ Your `allowedTags` option includes, `style`, which is inherently
vulnerable to XSS attacks. Please remove it from `allowedTags`.
Or, to disable this warning, add the `allowVulnerableTags` option
and ensure you are accounting for this risk.

 @ https://www.msccruzeiros.com.br/app/js/vendor.CNpzJls-.js:107
[  287137ms] [WARNING] 

⚠️ Your `allowedTags` option includes, `style`, which is inherently
vulnerable to XSS attacks. Please remove it from `allowedTags`.
Or, to disable this warning, add the `allowVulnerableTags` option
and ensure you are accounting for this risk.

 @ https://www.msccruzeiros.com.br/app/js/vendor.CNpzJls-.js:107
[  287137ms] [WARNING] 

⚠️ Your `allowedTags` option includes, `style`, which is inherently
vulnerable to XSS attacks. Please remove it from `allowedTags`.
Or, to disable this warning, add the `allowVulnerableTags` option
and ensure you are accounting for this risk.

 @ https://www.msccruzeiros.com.br/app/js/vendor.CNpzJls-.js:107
[  287137ms] [WARNING] 

⚠️ Your `allowedTags` option includes, `style`, which is inherently
vulnerable to XSS attacks. Please remove it from `allowedTags`.
Or, to disable this warning, add the `allowVulnerableTags` option
and ensure you are accounting for this risk.

 @ https://www.msccruzeiros.com.br/app/js/vendor.CNpzJls-.js:107
[  287137ms] [WARNING] 

⚠️ Your `allowedTags` option includes, `style`, which is inherently
vulnerable to XSS attacks. Please remove it from `allowedTags`.
Or, to disable this warning, add the `allowVulnerableTags` option
and ensure you are accounting for this risk.

 @ https://www.msccruzeiros.com.br/app/js/vendor.CNpzJls-.js:107
[  287137ms] [WARNING] 

⚠️ Your `allowedTags` option includes, `style`, which is inherently
vulnerable to XSS attacks. Please remove it from `allowedTags`.
Or, to disable this warning, add the `allowVulnerableTags` option
and ensure you are accounting for this risk.

 @ https://www.msccruzeiros.com.br/app/js/vendor.CNpzJls-.js:107
[  287137ms] [WARNING] 

⚠️ Your `allowedTags` option includes, `style`, which is inherently
vulnerable to XSS attacks. Please remove it from `allowedTags`.
Or, to disable this warning, add the `allowVulnerableTags` option
and ensure you are accounting for this risk.

 @ https://www.msccruzeiros.com.br/app/js/vendor.CNpzJls-.js:107
[  287137ms] [WARNING] 

⚠️ Your `allowedTags` option includes, `style`, which is inherently
vulnerable to XSS attacks. Please remove it from `allowedTags`.
Or, to disable this warning, add the `allowVulnerableTags` option
and ensure you are accounting for this risk.

 @ https://www.msccruzeiros.com.br/app/js/vendor.CNpzJls-.js:107
[  287137ms] [WARNING] 

⚠️ Your `allowedTags` option includes, `style`, which is inherently
vulnerable to XSS attacks. Please remove it from `allowedTags`.
Or, to disable this warning, add the `allowVulnerableTags` option
and ensure you are accounting for this risk.

 @ https://www.msccruzeiros.com.br/app/js/vendor.CNpzJls-.js:107
[  287137ms] [WARNING] 

⚠️ Your `allowedTags` option includes, `style`, which is inherently
vulnerable to XSS attacks. Please remove it from `allowedTags`.
Or, to disable this warning, add the `allowVulnerableTags` option
and ensure you are accounting for this risk.

 @ https://www.msccruzeiros.com.br/app/js/vendor.CNpzJls-.js:107
[  287137ms] [WARNING] 

⚠️ Your `allowedTags` option includes, `style`, which is inherently
vulnerable to XSS attacks. Please remove it from `allowedTags`.
Or, to disable this warning, add the `allowVulnerableTags` option
and ensure you are accounting for this risk.

 @ https://www.msccruzeiros.com.br/app/js/vendor.CNpzJls-.js:107
[  287137ms] [WARNING] 

⚠️ Your `allowedTags` option includes, `style`, which is inherently
vulnerable to XSS attacks. Please remove it from `allowedTags`.
Or, to disable this warning, add the `allowVulnerableTags` option
and ensure you are accounting for this risk.

 @ https://www.msccruzeiros.com.br/app/js/vendor.CNpzJls-.js:107
[  287137ms] [WARNING] 

⚠️ Your `allowedTags` option includes, `style`, which is inherently
vulnerable to XSS attacks. Please remove it from `allowedTags`.
Or, to disable this warning, add the `allowVulnerableTags` option
and ensure you are accounting for this risk.

 @ https://www.msccruzeiros.com.br/app/js/vendor.CNpzJls-.js:107
[  287137ms] [WARNING] 

⚠️ Your `allowedTags` option includes, `style`, which is inherently
vulnerable to XSS attacks. Please remove it from `allowedTags`.
Or, to disable this warning, add the `allowVulnerableTags` option
and ensure you are accounting for this risk.

 @ https://www.msccruzeiros.com.br/app/js/vendor.CNpzJls-.js:107
[  287137ms] [WARNING] 

⚠️ Your `allowedTags` option includes, `style`, which is inherently
vulnerable to XSS attacks. Please remove it from `allowedTags`.
Or, to disable this warning, add the `allowVulnerableTags` option
and ensure you are accounting for this risk.

 @ https://www.msccruzeiros.com.br/app/js/vendor.CNpzJls-.js:107
[  287137ms] [WARNING] 

⚠️ Your `allowedTags` option includes, `style`, which is inherently
vulnerable to XSS attacks. Please remove it from `allowedTags`.
Or, to disable this warning, add the `allowVulnerableTags` option
and ensure you are accounting for this risk.

 @ https://www.msccruzeiros.com.br/app/js/vendor.CNpzJls-.js:107
[  287137ms] [WARNING] 

⚠️ Your `allowedTags` option includes, `style`, which is inherently
vulnerable to XSS attacks. Please remove it from `allowedTags`.
Or, to disable this warning, add the `allowVulnerableTags` option
and ensure you are accounting for this risk.

 @ https://www.msccruzeiros.com.br/app/js/vendor.CNpzJls-.js:107
[  287138ms] [WARNING] 

⚠️ Your `allowedTags` option includes, `style`, which is inherently
vulnerable to XSS attacks. Please remove it from `allowedTags`.
Or, to disable this warning, add the `allowVulnerableTags` option
and ensure you are accounting for this risk.

 @ https://www.msccruzeiros.com.br/app/js/vendor.CNpzJls-.js:107
[  287138ms] [WARNING] 

⚠️ Your `allowedTags` option includes, `style`, which is inherently
vulnerable to XSS attacks. Please remove it from `allowedTags`.
Or, to disable this warning, add the `allowVulnerableTags` option
and ensure you are accounting for this risk.

 @ https://www.msccruzeiros.com.br/app/js/vendor.CNpzJls-.js:107
[  287138ms] [WARNING] 

⚠️ Your `allowedTags` option includes, `style`, which is inherently
vulnerable to XSS attacks. Please remove it from `allowedTags`.
Or, to disable this warning, add the `allowVulnerableTags` option
and ensure you are accounting for this risk.

 @ https://www.msccruzeiros.com.br/app/js/vendor.CNpzJls-.js:107
[  287138ms] [WARNING] 

⚠️ Your `allowedTags` option includes, `style`, which is inherently
vulnerable to XSS attacks. Please remove it from `allowedTags`.
Or, to disable this warning, add the `allowVulnerableTags` option
and ensure you are accounting for this risk.

 @ https://www.msccruzeiros.com.br/app/js/vendor.CNpzJls-.js:107
[  287138ms] [WARNING] 

⚠️ Your `allowedTags` option includes, `style`, which is inherently
vulnerable to XSS attacks. Please remove it from `allowedTags`.
Or, to disable this warning, add the `allowVulnerableTags` option
and ensure you are accounting for this risk.

 @ https://www.msccruzeiros.com.br/app/js/vendor.CNpzJls-.js:107
[  287138ms] [WARNING] 

⚠️ Your `allowedTags` option includes, `style`, which is inherently
vulnerable to XSS attacks. Please remove it from `allowedTags`.
Or, to disable this warning, add the `allowVulnerableTags` option
and ensure you are accounting for this risk.

 @ https://www.msccruzeiros.com.br/app/js/vendor.CNpzJls-.js:107
[  287138ms] [WARNING] 

⚠️ Your `allowedTags` option includes, `style`, which is inherently
vulnerable to XSS attacks. Please remove it from `allowedTags`.
Or, to disable this warning, add the `allowVulnerableTags` option
and ensure you are accounting for this risk.

 @ https://www.msccruzeiros.com.br/app/js/vendor.CNpzJls-.js:107
[  287138ms] [WARNING] 

⚠️ Your `allowedTags` option includes, `style`, which is inherently
vulnerable to XSS attacks. Please remove it from `allowedTags`.
Or, to disable this warning, add the `allowVulnerableTags` option
and ensure you are accounting for this risk.

 @ https://www.msccruzeiros.com.br/app/js/vendor.CNpzJls-.js:107
[  287138ms] [WARNING] 

⚠️ Your `allowedTags` option includes, `style`, which is inherently
vulnerable to XSS attacks. Please remove it from `allowedTags`.
Or, to disable this warning, add the `allowVulnerableTags` option
and ensure you are accounting for this risk.

 @ https://www.msccruzeiros.com.br/app/js/vendor.CNpzJls-.js:107
[  287138ms] [WARNING] 

⚠️ Your `allowedTags` option includes, `style`, which is inherently
vulnerable to XSS attacks. Please remove it from `allowedTags`.
Or, to disable this warning, add the `allowVulnerableTags` option
and ensure you are accounting for this risk.

 @ https://www.msccruzeiros.com.br/app/js/vendor.CNpzJls-.js:107
[  287138ms] [WARNING] 

⚠️ Your `allowedTags` option includes, `style`, which is inherently
vulnerable to XSS attacks. Please remove it from `allowedTags`.
Or, to disable this warning, add the `allowVulnerableTags` option
and ensure you are accounting for this risk.

 @ https://www.msccruzeiros.com.br/app/js/vendor.CNpzJls-.js:107
[  287138ms] [WARNING] 

⚠️ Your `allowedTags` option includes, `style`, which is inherently
vulnerable to XSS attacks. Please remove it from `allowedTags`.
Or, to disable this warning, add the `allowVulnerableTags` option
and ensure you are accounting for this risk.

 @ https://www.msccruzeiros.com.br/app/js/vendor.CNpzJls-.js:107
[  287138ms] [WARNING] 

⚠️ Your `allowedTags` option includes, `style`, which is inherently
vulnerable to XSS attacks. Please remove it from `allowedTags`.
Or, to disable this warning, add the `allowVulnerableTags` option
and ensure you are accounting for this risk.

 @ https://www.msccruzeiros.com.br/app/js/vendor.CNpzJls-.js:107
[  287138ms] [WARNING] 

⚠️ Your `allowedTags` option includes, `style`, which is inherently
vulnerable to XSS attacks. Please remove it from `allowedTags`.
Or, to disable this warning, add the `allowVulnerableTags` option
and ensure you are accounting for this risk.

 @ https://www.msccruzeiros.com.br/app/js/vendor.CNpzJls-.js:107
[  287138ms] [WARNING] 

⚠️ Your `allowedTags` option includes, `style`, which is inherently
vulnerable to XSS attacks. Please remove it from `allowedTags`.
Or, to disable this warning, add the `allowVulnerableTags` option
and ensure you are accounting for this risk.

 @ https://www.msccruzeiros.com.br/app/js/vendor.CNpzJls-.js:107
[  287138ms] [WARNING] 

⚠️ Your `allowedTags` option includes, `style`, which is inherently
vulnerable to XSS attacks. Please remove it from `allowedTags`.
Or, to disable this warning, add the `allowVulnerableTags` option
and ensure you are accounting for this risk.

 @ https://www.msccruzeiros.com.br/app/js/vendor.CNpzJls-.js:107
[  287138ms] [WARNING] 

⚠️ Your `allowedTags` option includes, `style`, which is inherently
vulnerable to XSS attacks. Please remove it from `allowedTags`.
Or, to disable this warning, add the `allowVulnerableTags` option
and ensure you are accounting for this risk.

 @ https://www.msccruzeiros.com.br/app/js/vendor.CNpzJls-.js:107
[  287138ms] [WARNING] 

⚠️ Your `allowedTags` option includes, `style`, which is inherently
vulnerable to XSS attacks. Please remove it from `allowedTags`.
Or, to disable this warning, add the `allowVulnerableTags` option
and ensure you are accounting for this risk.

 @ https://www.msccruzeiros.com.br/app/js/vendor.CNpzJls-.js:107
[  287138ms] [WARNING] 

⚠️ Your `allowedTags` option includes, `style`, which is inherently
vulnerable to XSS attacks. Please remove it from `allowedTags`.
Or, to disable this warning, add the `allowVulnerableTags` option
and ensure you are accounting for this risk.

 @ https://www.msccruzeiros.com.br/app/js/vendor.CNpzJls-.js:107
[  287138ms] [WARNING] 

⚠️ Your `allowedTags` option includes, `style`, which is inherently
vulnerable to XSS attacks. Please remove it from `allowedTags`.
Or, to disable this warning, add the `allowVulnerableTags` option
and ensure you are accounting for this risk.

 @ https://www.msccruzeiros.com.br/app/js/vendor.CNpzJls-.js:107
[  287138ms] [WARNING] 

⚠️ Your `allowedTags` option includes, `style`, which is inherently
vulnerable to XSS attacks. Please remove it from `allowedTags`.
Or, to disable this warning, add the `allowVulnerableTags` option
and ensure you are accounting for this risk.

 @ https://www.msccruzeiros.com.br/app/js/vendor.CNpzJls-.js:107
[  287138ms] [WARNING] 

⚠️ Your `allowedTags` option includes, `style`, which is inherently
vulnerable to XSS attacks. Please remove it from `allowedTags`.
Or, to disable this warning, add the `allowVulnerableTags` option
and ensure you are accounting for this risk.

 @ https://www.msccruzeiros.com.br/app/js/vendor.CNpzJls-.js:107
[  287138ms] [WARNING] 

⚠️ Your `allowedTags` option includes, `style`, which is inherently
vulnerable to XSS attacks. Please remove it from `allowedTags`.
Or, to disable this warning, add the `allowVulnerableTags` option
and ensure you are accounting for this risk.

 @ https://www.msccruzeiros.com.br/app/js/vendor.CNpzJls-.js:107
[  287138ms] [WARNING] 

⚠️ Your `allowedTags` option includes, `style`, which is inherently
vulnerable to XSS attacks. Please remove it from `allowedTags`.
Or, to disable this warning, add the `allowVulnerableTags` option
and ensure you are accounting for this risk.

 @ https://www.msccruzeiros.com.br/app/js/vendor.CNpzJls-.js:107
[  287138ms] [WARNING] 

⚠️ Your `allowedTags` option includes, `style`, which is inherently
vulnerable to XSS attacks. Please remove it from `allowedTags`.
Or, to disable this warning, add the `allowVulnerableTags` option
and ensure you are accounting for this risk.

 @ https://www.msccruzeiros.com.br/app/js/vendor.CNpzJls-.js:107
[  287138ms] [WARNING] 

⚠️ Your `allowedTags` option includes, `style`, which is inherently
vulnerable to XSS attacks. Please remove it from `allowedTags`.
Or, to disable this warning, add the `allowVulnerableTags` option
and ensure you are accounting for this risk.

 @ https://www.msccruzeiros.com.br/app/js/vendor.CNpzJls-.js:107
[  287139ms] [WARNING] 

⚠️ Your `allowedTags` option includes, `style`, which is inherently
vulnerable to XSS attacks. Please remove it from `allowedTags`.
Or, to disable this warning, add the `allowVulnerableTags` option
and ensure you are accounting for this risk.

 @ https://www.msccruzeiros.com.br/app/js/vendor.CNpzJls-.js:107
[  287139ms] [WARNING] 

⚠️ Your `allowedTags` option includes, `style`, which is inherently
vulnerable to XSS attacks. Please remove it from `allowedTags`.
Or, to disable this warning, add the `allowVulnerableTags` option
and ensure you are accounting for this risk.

 @ https://www.msccruzeiros.com.br/app/js/vendor.CNpzJls-.js:107
[  287139ms] [WARNING] 

⚠️ Your `allowedTags` option includes, `style`, which is inherently
vulnerable to XSS attacks. Please remove it from `allowedTags`.
Or, to disable this warning, add the `allowVulnerableTags` option
and ensure you are accounting for this risk.

 @ https://www.msccruzeiros.com.br/app/js/vendor.CNpzJls-.js:107
[  287139ms] [WARNING] 

⚠️ Your `allowedTags` option includes, `style`, which is inherently
vulnerable to XSS attacks. Please remove it from `allowedTags`.
Or, to disable this warning, add the `allowVulnerableTags` option
and ensure you are accounting for this risk.

 @ https://www.msccruzeiros.com.br/app/js/vendor.CNpzJls-.js:107
[  287139ms] [WARNING] 

⚠️ Your `allowedTags` option includes, `style`, which is inherently
vulnerable to XSS attacks. Please remove it from `allowedTags`.
Or, to disable this warning, add the `allowVulnerableTags` option
and ensure you are accounting for this risk.

 @ https://www.msccruzeiros.com.br/app/js/vendor.CNpzJls-.js:107
[  287139ms] [WARNING] 

⚠️ Your `allowedTags` option includes, `style`, which is inherently
vulnerable to XSS attacks. Please remove it from `allowedTags`.
Or, to disable this warning, add the `allowVulnerableTags` option
and ensure you are accounting for this risk.

 @ https://www.msccruzeiros.com.br/app/js/vendor.CNpzJls-.js:107
[  287139ms] [WARNING] 

⚠️ Your `allowedTags` option includes, `style`, which is inherently
vulnerable to XSS attacks. Please remove it from `allowedTags`.
Or, to disable this warning, add the `allowVulnerableTags` option
and ensure you are accounting for this risk.

 @ https://www.msccruzeiros.com.br/app/js/vendor.CNpzJls-.js:107
[  287139ms] [WARNING] 

⚠️ Your `allowedTags` option includes, `style`, which is inherently
vulnerable to XSS attacks. Please remove it from `allowedTags`.
Or, to disable this warning, add the `allowVulnerableTags` option
and ensure you are accounting for this risk.

 @ https://www.msccruzeiros.com.br/app/js/vendor.CNpzJls-.js:107
[  287139ms] [WARNING] 

⚠️ Your `allowedTags` option includes, `style`, which is inherently
vulnerable to XSS attacks. Please remove it from `allowedTags`.
Or, to disable this warning, add the `allowVulnerableTags` option
and ensure you are accounting for this risk.

 @ https://www.msccruzeiros.com.br/app/js/vendor.CNpzJls-.js:107
[  287139ms] [WARNING] 

⚠️ Your `allowedTags` option includes, `style`, which is inherently
vulnerable to XSS attacks. Please remove it from `allowedTags`.
Or, to disable this warning, add the `allowVulnerableTags` option
and ensure you are accounting for this risk.

 @ https://www.msccruzeiros.com.br/app/js/vendor.CNpzJls-.js:107
[  287139ms] [WARNING] 

⚠️ Your `allowedTags` option includes, `style`, which is inherently
vulnerable to XSS attacks. Please remove it from `allowedTags`.
Or, to disable this warning, add the `allowVulnerableTags` option
and ensure you are accounting for this risk.

 @ https://www.msccruzeiros.com.br/app/js/vendor.CNpzJls-.js:107
[  287139ms] [WARNING] 

⚠️ Your `allowedTags` option includes, `style`, which is inherently
vulnerable to XSS attacks. Please remove it from `allowedTags`.
Or, to disable this warning, add the `allowVulnerableTags` option
and ensure you are accounting for this risk.

 @ https://www.msccruzeiros.com.br/app/js/vendor.CNpzJls-.js:107
[  287139ms] [WARNING] 

⚠️ Your `allowedTags` option includes, `style`, which is inherently
vulnerable to XSS attacks. Please remove it from `allowedTags`.
Or, to disable this warning, add the `allowVulnerableTags` option
and ensure you are accounting for this risk.

 @ https://www.msccruzeiros.com.br/app/js/vendor.CNpzJls-.js:107
[  287139ms] [WARNING] 

⚠️ Your `allowedTags` option includes, `style`, which is inherently
vulnerable to XSS attacks. Please remove it from `allowedTags`.
Or, to disable this warning, add the `allowVulnerableTags` option
and ensure you are accounting for this risk.

 @ https://www.msccruzeiros.com.br/app/js/vendor.CNpzJls-.js:107
[  287139ms] [WARNING] 

⚠️ Your `allowedTags` option includes, `style`, which is inherently
vulnerable to XSS attacks. Please remove it from `allowedTags`.
Or, to disable this warning, add the `allowVulnerableTags` option
and ensure you are accounting for this risk.

 @ https://www.msccruzeiros.com.br/app/js/vendor.CNpzJls-.js:107
[  287139ms] [WARNING] 

⚠️ Your `allowedTags` option includes, `style`, which is inherently
vulnerable to XSS attacks. Please remove it from `allowedTags`.
Or, to disable this warning, add the `allowVulnerableTags` option
and ensure you are accounting for this risk.

 @ https://www.msccruzeiros.com.br/app/js/vendor.CNpzJls-.js:107
[  287139ms] [WARNING] 

⚠️ Your `allowedTags` option includes, `style`, which is inherently
vulnerable to XSS attacks. Please remove it from `allowedTags`.
Or, to disable this warning, add the `allowVulnerableTags` option
and ensure you are accounting for this risk.

 @ https://www.msccruzeiros.com.br/app/js/vendor.CNpzJls-.js:107
[  287139ms] [WARNING] 

⚠️ Your `allowedTags` option includes, `style`, which is inherently
vulnerable to XSS attacks. Please remove it from `allowedTags`.
Or, to disable this warning, add the `allowVulnerableTags` option
and ensure you are accounting for this risk.

 @ https://www.msccruzeiros.com.br/app/js/vendor.CNpzJls-.js:107
[  287139ms] [WARNING] 

⚠️ Your `allowedTags` option includes, `style`, which is inherently
vulnerable to XSS attacks. Please remove it from `allowedTags`.
Or, to disable this warning, add the `allowVulnerableTags` option
and ensure you are accounting for this risk.

 @ https://www.msccruzeiros.com.br/app/js/vendor.CNpzJls-.js:107
[  287155ms] [WARNING] 

⚠️ Your `allowedTags` option includes, `style`, which is inherently
vulnerable to XSS attacks. Please remove it from `allowedTags`.
Or, to disable this warning, add the `allowVulnerableTags` option
and ensure you are accounting for this risk.

 @ https://www.msccruzeiros.com.br/app/js/vendor.CNpzJls-.js:107
[  287155ms] [WARNING] 

⚠️ Your `allowedTags` option includes, `style`, which is inherently
vulnerable to XSS attacks. Please remove it from `allowedTags`.
Or, to disable this warning, add the `allowVulnerableTags` option
and ensure you are accounting for this risk.

 @ https://www.msccruzeiros.com.br/app/js/vendor.CNpzJls-.js:107
[  287155ms] [WARNING] 

⚠️ Your `allowedTags` option includes, `style`, which is inherently
vulnerable to XSS attacks. Please remove it from `allowedTags`.
Or, to disable this warning, add the `allowVulnerableTags` option
and ensure you are accounting for this risk.

 @ https://www.msccruzeiros.com.br/app/js/vendor.CNpzJls-.js:107
[  287155ms] [WARNING] 

⚠️ Your `allowedTags` option includes, `style`, which is inherently
vulnerable to XSS attacks. Please remove it from `allowedTags`.
Or, to disable this warning, add the `allowVulnerableTags` option
and ensure you are accounting for this risk.

 @ https://www.msccruzeiros.com.br/app/js/vendor.CNpzJls-.js:107
[  287156ms] [WARNING] 

⚠️ Your `allowedTags` option includes, `style`, which is inherently
vulnerable to XSS attacks. Please remove it from `allowedTags`.
Or, to disable this warning, add the `allowVulnerableTags` option
and ensure you are accounting for this risk.

 @ https://www.msccruzeiros.com.br/app/js/vendor.CNpzJls-.js:107
[  287156ms] [WARNING] 

⚠️ Your `allowedTags` option includes, `style`, which is inherently
vulnerable to XSS attacks. Please remove it from `allowedTags`.
Or, to disable this warning, add the `allowVulnerableTags` option
and ensure you are accounting for this risk.

 @ https://www.msccruzeiros.com.br/app/js/vendor.CNpzJls-.js:107
[  287156ms] [WARNING] 

⚠️ Your `allowedTags` option includes, `style`, which is inherently
vulnerable to XSS attacks. Please remove it from `allowedTags`.
Or, to disable this warning, add the `allowVulnerableTags` option
and ensure you are accounting for this risk.

 @ https://www.msccruzeiros.com.br/app/js/vendor.CNpzJls-.js:107
[  287156ms] [WARNING] 

⚠️ Your `allowedTags` option includes, `style`, which is inherently
vulnerable to XSS attacks. Please remove it from `allowedTags`.
Or, to disable this warning, add the `allowVulnerableTags` option
and ensure you are accounting for this risk.

 @ https://www.msccruzeiros.com.br/app/js/vendor.CNpzJls-.js:107
[  287156ms] [WARNING] 

⚠️ Your `allowedTags` option includes, `style`, which is inherently
vulnerable to XSS attacks. Please remove it from `allowedTags`.
Or, to disable this warning, add the `allowVulnerableTags` option
and ensure you are accounting for this risk.

 @ https://www.msccruzeiros.com.br/app/js/vendor.CNpzJls-.js:107
[  287156ms] [WARNING] 

⚠️ Your `allowedTags` option includes, `style`, which is inherently
vulnerable to XSS attacks. Please remove it from `allowedTags`.
Or, to disable this warning, add the `allowVulnerableTags` option
and ensure you are accounting for this risk.

 @ https://www.msccruzeiros.com.br/app/js/vendor.CNpzJls-.js:107
[  287156ms] [WARNING] 

⚠️ Your `allowedTags` option includes, `style`, which is inherently
vulnerable to XSS attacks. Please remove it from `allowedTags`.
Or, to disable this warning, add the `allowVulnerableTags` option
and ensure you are accounting for this risk.

 @ https://www.msccruzeiros.com.br/app/js/vendor.CNpzJls-.js:107
[  287157ms] [WARNING] 

⚠️ Your `allowedTags` option includes, `style`, which is inherently
vulnerable to XSS attacks. Please remove it from `allowedTags`.
Or, to disable this warning, add the `allowVulnerableTags` option
and ensure you are accounting for this risk.

 @ https://www.msccruzeiros.com.br/app/js/vendor.CNpzJls-.js:107
[  287157ms] [WARNING] 

⚠️ Your `allowedTags` option includes, `style`, which is inherently
vulnerable to XSS attacks. Please remove it from `allowedTags`.
Or, to disable this warning, add the `allowVulnerableTags` option
and ensure you are accounting for this risk.

 @ https://www.msccruzeiros.com.br/app/js/vendor.CNpzJls-.js:107
[  287157ms] [WARNING] 

⚠️ Your `allowedTags` option includes, `style`, which is inherently
vulnerable to XSS attacks. Please remove it from `allowedTags`.
Or, to disable this warning, add the `allowVulnerableTags` option
and ensure you are accounting for this risk.

 @ https://www.msccruzeiros.com.br/app/js/vendor.CNpzJls-.js:107
[  287157ms] [WARNING] 

⚠️ Your `allowedTags` option includes, `style`, which is inherently
vulnerable to XSS attacks. Please remove it from `allowedTags`.
Or, to disable this warning, add the `allowVulnerableTags` option
and ensure you are accounting for this risk.

 @ https://www.msccruzeiros.com.br/app/js/vendor.CNpzJls-.js:107
[  287302ms] [LOG] Found GA4 tag @ https://rtp-static.marketo.com/rtp/libs/ga-integration-2.0.5.js:0
[  295555ms] [LOG] Download the Apollo DevTools for a better development experience: %s https://chrome.google.com/webstore/detail/apollo-client-developer-t/jdkknkkbebbapilgoeccciglkfbmbnfm @ https://www.msccruzeiros.com.br/app/js/vendor.CNpzJls-.js:114
[  333948ms] [WARNING] The resource https://try.abtasty.com/shared/jquery.5434730a34a3135b52f6.js was preloaded using link preload but not used within a few seconds from the window's load event. Please make sure it has an appropriate `as` value and it is preloaded intentionally. @ https://www.msccruzeiros.com.br/nossos-cruzeiros/navios/msc-musica:0
[  337819ms] [WARNING] The resource https://try.abtasty.com/shared/jquery.5434730a34a3135b52f6.js was preloaded using link preload but not used within a few seconds from the window's load event. Please make sure it has an appropriate `as` value and it is preloaded intentionally. @ https://www.msccruzeiros.com.br/nossos-cruzeiros/navios/msc-musica:0
[  349005ms] [WARNING] The resource https://try.abtasty.com/shared/jquery.5434730a34a3135b52f6.js was preloaded using link preload but not used within a few seconds from the window's load event. Please make sure it has an appropriate `as` value and it is preloaded intentionally. @ https://www.msccruzeiros.com.br/nossos-cruzeiros/navios/msc-musica:0
[  398864ms] [WARNING] The resource https://try.abtasty.com/shared/jquery.5434730a34a3135b52f6.js was preloaded using link preload but not used within a few seconds from the window's load event. Please make sure it has an appropriate `as` value and it is preloaded intentionally. @ https://www.msccruzeiros.com.br/nossos-cruzeiros/navios/msc-musica:0
